accident_count,accident_severity,rainfall_mm,visibility_km,road_condition,traffic_density,hour_of_day,is_weekend,is_high_speed,risk_score
11,1,2.3,3.89,3,2,0,1,1,72.8
14,2,25.0,6.17,1,1,7,1,0,70.3
8,3,3.8,7.62,3,2,0,1,0,69.0
13,1,19.0,6.45,2,1,20,0,0,63.9
16,3,43.0,7.14,3,2,5,0,1,96.5
8,2,11.3,9.34,2,3,19,1,0,68.6
10,1,11.6,7.32,3,2,13,0,0,46.3
11,1,9.3,7.74,3,2,10,0,0,48.8
13,1,5.9,1.16,3,3,1,1,0,92.3
10,2,9.7,9.57,4,2,20,1,0,66.8
11,1,13.9,7.64,3,3,3,1,1,71.1
8,1,64.0,14.44,3,2,12,1,0,74.1
13,2,41.7,4.24,4,1,6,0,1,77.1
13,2,29.7,0.77,3,4,5,0,0,98.0
10,1,33.0,10.47,4,1,2,1,0,63.3
14,1,9.5,9.39,3,4,8,0,0,65.0
7,1,16.1,3.97,3,1,13,1,1,49.4
9,2,33.8,1.88,4,2,19,0,1,87.0
10,2,7.5,14.15,2,1,10,0,0,60.3
12,1,49.0,13.66,3,1,4,1,0,79.2
6,2,8.1,0.2,2,3,13,0,1,86.1
4,2,13.8,6.17,3,3,18,1,1,53.4
11,2,18.6,14.66,2,3,7,0,0,68.4
16,2,45.1,6.1,3,2,6,1,1,84.1
10,1,4.2,6.04,4,2,6,0,0,40.2
8,1,20.6,6.87,4,3,23,0,0,62.9
15,2,11.0,3.52,3,2,22,0,0,81.8
14,2,4.7,1.18,5,3,2,0,0,91.8
15,2,22.5,12.21,3,2,2,1,1,87.1
10,1,12.1,0.63,3,1,17,0,0,68.2
16,3,16.2,8.99,4,3,12,0,0,80.9
10,2,5.8,11.55,4,3,0,0,1,77.7
10,1,9.8,2.2,4,3,4,0,0,79.3
14,1,14.4,4.3,2,1,3,0,0,81.0
17,2,7.8,12.85,3,2,15,0,1,76.0
7,2,3.3,10.13,4,2,14,0,0,44.2
15,1,48.9,5.53,3,2,17,1,0,72.9
15,3,10.7,12.81,3,1,16,0,0,69.9
12,1,19.9,12.83,3,3,13,1,0,65.7
10,1,7.9,9.08,4,2,13,0,1,46.9
17,3,6.6,4.4,2,2,18,0,1,88.5
11,3,7.8,6.35,3,1,5,0,0,67.0
9,2,7.9,9.15,2,4,12,0,0,65.4
10,3,11.8,7.25,3,1,17,0,1,64.0
18,1,11.8,11.76,4,3,14,1,0,66.7
13,3,10.3,1.88,1,4,22,0,0,98.0
15,1,2.2,2.02,3,3,6,1,1,78.8
17,1,10.3,8.72,3,4,18,0,1,74.5
10,1,2.8,6.03,2,3,16,0,0,54.4
9,1,2.0,5.49,3,1,8,0,0,30.1
11,1,40.5,0.93,2,1,10,1,0,87.1
7,1,13.9,8.08,3,2,4,0,0,58.2
19,1,16.2,7.79,3,1,1,1,1,84.1
12,1,7.7,10.61,4,3,14,0,0,51.8
21,2,36.0,8.28,4,2,23,0,0,98.0
12,1,15.2,7.47,3,3,11,0,0,56.6
10,1,22.0,12.71,1,2,9,1,1,66.0
13,2,6.9,2.75,5,2,9,1,0,62.6
4,3,48.3,10.15,3,4,19,0,0,80.0
18,2,25.8,1.32,1,1,10,1,1,98.0
8,1,28.9,4.65,4,3,9,0,0,57.5
14,2,2.8,3.15,2,3,6,1,0,77.1
9,1,4.7,11.13,3,1,13,1,0,36.4
11,1,5.0,7.74,3,2,12,1,0,49.7
13,1,4.7,7.95,3,2,4,1,0,71.6
10,2,29.0,3.57,4,3,18,0,0,67.6
14,1,0.5,6.8,3,2,9,0,0,50.5
12,1,1.2,4.95,1,2,7,0,0,60.6
13,1,4.8,9.53,5,3,17,0,0,48.1
14,3,3.3,4.04,5,1,0,0,0,77.2
19,2,4.0,13.32,3,3,4,0,0,88.1
10,1,24.0,1.3,3,3,10,0,0,67.5
9,2,12.4,4.77,1,3,19,0,1,75.8
16,2,0.1,14.71,4,3,10,0,0,63.6
12,2,8.4,6.26,1,2,15,0,0,72.3
17,1,7.9,2.74,1,4,9,1,1,90.3
10,3,1.8,8.88,3,2,14,0,0,67.2
13,1,16.9,6.1,2,2,6,1,1,64.9
13,2,18.2,4.66,1,1,14,0,1,75.6
7,1,19.1,3.62,3,4,15,0,1,64.1
12,1,19.6,15.0,2,3,5,0,1,73.1
14,1,0.0,6.99,2,3,10,0,0,55.4
14,2,46.2,0.3,1,1,16,0,1,98.0
10,1,25.2,13.97,2,3,14,0,0,60.5
14,2,35.1,10.44,4,3,15,0,0,74.4
6,1,0.2,4.93,4,3,23,0,1,49.9
9,2,40.7,4.27,3,2,1,1,0,88.9
17,2,24.9,10.69,3,2,3,0,1,94.3
15,2,27.2,7.01,1,1,18,0,0,80.2
13,2,1.5,0.3,1,2,5,0,0,90.0
8,2,20.1,15.0,2,1,17,0,0,59.8
10,1,48.3,6.26,3,2,20,1,1,84.1
13,2,17.0,13.98,4,1,10,0,0,59.2
18,1,12.7,13.11,3,1,8,0,0,61.5
10,2,43.7,4.0,3,1,2,0,0,87.4
16,2,8.8,12.13,2,4,1,0,1,95.1
8,1,13.7,5.39,4,2,17,0,0,40.0
13,1,9.7,0.53,3,2,14,1,1,77.9
8,1,40.5,6.3,4,2,21,0,0,72.6
14,2,1.2,9.59,3,2,17,0,0,62.5
10,3,10.4,6.15,4,4,18,0,0,68.8
12,2,17.4,6.77,5,1,14,0,1,53.5
15,2,23.5,12.57,5,2,16,0,0,59.8
14,3,13.1,8.43,3,4,17,0,0,82.0
17,1,35.9,4.63,3,2,17,0,1,85.6
11,1,42.7,10.81,2,1,10,0,0,65.0
13,2,1.0,8.79,5,1,17,0,1,54.1
12,2,7.7,0.2,3,1,22,0,0,94.0
10,3,0.4,9.71,2,4,2,0,0,89.1
2,1,6.0,9.57,3,2,12,0,0,30.1
16,1,11.5,8.08,2,4,13,0,0,71.3
7,1,36.3,11.57,3,4,3,0,1,78.5
15,1,28.1,5.31,3,2,17,1,1,71.2
13,1,2.0,9.35,3,1,4,1,0,59.0
12,2,1.5,1.73,1,1,13,1,1,83.9
12,1,13.3,9.63,5,2,11,1,0,40.7
15,2,11.4,15.0,4,2,6,1,0,63.2
11,1,4.6,4.02,4,2,11,1,1,53.4
11,2,34.5,4.96,3,2,7,1,1,75.0
8,1,39.3,5.16,4,4,20,1,0,76.5
12,1,7.7,8.52,3,2,20,0,1,68.7
14,1,33.2,3.75,2,3,2,0,0,98.0
13,3,7.3,9.68,2,3,21,1,1,98.0
11,2,20.0,11.39,3,1,0,0,1,78.2
10,1,9.7,10.14,2,1,2,1,0,65.0
4,1,2.0,0.93,5,1,10,0,0,39.1
16,3,39.5,11.98,1,1,17,0,1,97.1
12,1,9.1,11.75,3,2,6,1,1,59.0
12,1,19.9,11.32,3,2,8,1,0,59.2
8,2,6.9,9.49,3,2,3,0,0,69.7
11,3,0.3,8.88,3,4,22,1,1,84.4
13,1,1.6,12.13,2,1,23,1,0,63.7
11,1,10.3,15.0,4,2,9,0,0,46.6
12,3,17.6,4.19,3,1,17,0,0,74.6
14,1,6.1,12.31,3,2,22,0,0,69.3
6,1,17.8,7.66,4,2,15,0,1,41.8
19,2,18.0,7.48,4,4,11,0,1,86.6
11,3,18.3,1.85,4,2,18,0,0,82.9
11,1,10.2,6.86,3,1,23,0,1,66.0
19,3,37.0,4.01,3,2,21,1,1,98.0
8,2,10.1,6.14,3,1,2,0,0,59.7
7,1,9.0,3.61,4,1,7,0,0,46.9
6,3,3.3,6.2,4,2,18,0,1,58.8
16,1,5.5,6.38,2,1,8,1,0,57.1
16,1,0.6,8.39,3,2,18,1,0,54.4
7,2,15.1,1.54,4,2,16,0,0,74.0
13,1,4.3,2.22,3,2,12,1,1,69.9
10,1,5.4,9.45,3,1,1,1,0,55.5
11,1,22.1,4.81,3,4,3,1,1,80.4
16,1,5.9,12.3,3,2,10,1,0,56.2
12,2,4.2,8.9,5,3,1,0,1,65.6
10,2,2.8,10.43,3,2,3,0,0,69.1
11,3,22.4,13.64,2,2,3,0,0,95.3
17,1,2.1,6.76,2,2,19,0,0,66.0
20,1,9.1,5.7,1,2,0,0,0,86.1
13,1,10.6,11.49,3,1,10,1,1,46.6
10,1,17.4,10.04,3,2,22,0,1,71.5
14,1,15.0,7.25,2,3,1,1,0,84.6
6,2,25.0,13.57,3,3,18,0,1,59.4
5,3,0.7,7.15,4,1,7,0,0,42.0
11,3,5.3,8.13,2,2,22,0,0,84.4
10,1,4.9,8.08,3,3,19,0,0,46.8
8,3,2.4,4.26,5,3,3,1,0,64.6
13,1,5.1,8.31,3,1,15,1,1,49.6
6,1,5.6,13.59,4,3,14,0,0,36.3
14,3,11.1,9.78,3,2,4,1,0,80.1
11,2,16.3,8.12,4,2,4,1,0,74.4
11,1,7.2,7.35,4,2,14,0,0,49.5
15,1,19.1,9.32,3,3,22,0,0,79.2
11,1,6.1,11.0,4,4,16,0,0,54.1
7,2,5.1,10.44,5,4,2,0,0,56.7
5,1,11.7,6.67,3,1,17,1,1,40.3
7,3,0.4,9.3,2,4,10,0,0,65.7
15,1,1.2,9.92,3,1,5,0,0,50.5
21,1,8.1,3.97,4,2,11,0,0,58.2
10,1,42.9,8.67,3,2,21,1,1,80.8
6,2,19.2,0.2,2,2,16,1,0,84.1
13,1,1.4,9.93,1,2,13,0,1,64.4
11,2,28.1,10.64,3,2,5,0,1,74.2
4,3,19.8,10.99,2,4,9,0,1,74.0
11,3,14.2,6.42,3,1,15,1,0,54.8
9,2,25.7,9.24,4,2,17,0,0,61.1
12,3,7.8,13.7,3,4,19,1,0,78.3
13,2,3.8,13.66,1,1,5,1,1,74.6
14,2,10.8,7.88,2,2,18,0,1,73.8
10,1,11.9,8.56,2,3,2,0,1,77.8
14,1,11.6,12.44,2,2,11,0,1,73.6
13,1,12.5,2.0,3,3,15,0,0,67.1
18,1,44.6,6.71,3,1,2,0,0,89.5
4,1,34.9,13.34,2,3,15,0,0,61.2
11,3,31.3,11.9,1,1,3,0,0,96.1
13,1,24.2,9.48,2,2,19,0,1,69.5
16,1,43.1,1.98,5,1,12,1,1,75.6
11,2,1.6,7.8,3,2,3,0,0,73.6
16,1,4.6,5.64,4,3,3,0,1,78.6
11,1,10.2,9.32,4,4,6,1,1,62.9
20,1,28.1,4.76,3,3,20,0,0,93.3
9,1,10.6,3.9,4,2,11,1,0,46.3
13,1,20.7,0.2,2,4,1,1,1,98.0
7,2,2.2,12.89,3,2,15,0,0,53.6
12,2,4.4,6.4,2,2,6,0,0,61.2
12,1,19.7,8.63,4,2,18,0,0,56.7
12,1,2.7,7.99,1,2,10,0,1,61.8
17,1,6.5,3.73,4,3,0,0,0,75.9
7,2,4.6,2.96,1,1,8,1,1,61.6
15,1,6.5,3.98,4,2,4,0,1,77.0
14,1,18.5,5.11,3,3,16,0,1,70.7
7,2,6.9,9.47,3,4,0,1,0,67.7
10,1,12.2,4.82,3,3,16,1,1,64.1
11,1,1.6,14.99,3,2,11,0,0,41.2
17,1,24.5,12.11,3,2,12,0,0,69.6
12,3,6.9,11.23,5,2,23,0,1,79.9
11,3,15.7,7.52,1,2,10,1,0,82.1
12,2,19.4,14.06,5,4,12,0,1,61.4
12,1,3.5,7.13,3,4,12,1,0,60.4
13,2,32.4,7.87,4,3,5,0,0,71.0
6,3,14.4,8.68,3,1,21,1,1,73.6
7,3,8.4,10.81,3,3,5,0,1,70.8
8,1,3.0,10.55,4,4,19,1,0,48.1
17,2,42.8,6.1,3,2,20,1,1,95.9
14,1,21.1,5.87,3,2,9,0,1,60.7
8,1,3.5,10.56,1,3,18,1,0,58.7
8,2,6.2,10.86,2,2,2,1,1,76.3
8,1,24.9,6.43,3,4,6,1,0,59.7
7,3,17.8,1.65,4,2,4,0,0,85.9
9,1,21.8,7.17,3,3,7,0,0,57.0
12,2,8.7,10.49,2,3,4,1,0,86.3
13,3,18.9,15.0,3,2,11,1,0,82.5
5,3,7.3,3.21,3,3,3,0,1,85.5
15,1,3.6,6.29,3,2,18,1,1,62.2
8,1,15.0,6.44,4,2,17,0,0,48.7
11,2,56.0,13.42,4,1,2,1,1,84.4
13,1,5.6,7.86,1,2,6,0,0,66.7
12,3,9.3,4.37,4,3,7,0,1,76.6
12,3,16.8,10.23,3,4,14,0,0,79.9
7,1,11.7,6.38,4,2,20,0,1,56.0
12,1,27.8,3.1,2,2,16,0,1,77.3
9,1,21.5,4.43,3,1,18,0,1,52.6
9,3,0.9,14.94,2,3,3,0,1,83.3
13,1,96.8,9.54,3,4,15,0,0,94.5
15,1,20.9,8.43,1,2,12,1,1,79.8
6,1,29.9,7.0,2,2,11,0,0,50.6
13,2,15.8,9.17,1,2,3,0,0,85.1
11,1,29.1,9.12,2,1,11,0,1,64.8
10,1,1.8,9.17,2,3,16,1,1,53.9
13,3,6.4,8.46,3,2,8,1,0,69.6
13,3,31.4,11.48,1,3,11,0,0,92.1
7,2,3.4,8.09,3,3,14,1,0,46.4
9,1,1.2,4.09,2,3,19,1,0,57.0
8,1,23.3,5.55,5,3,1,0,0,57.4
6,2,27.1,0.2,5,4,8,1,0,83.6
7,1,2.7,15.0,2,4,13,0,0,51.1
16,3,28.9,11.45,3,2,3,0,1,98.0
8,2,17.4,4.68,1,1,3,0,1,81.7
18,1,11.0,6.87,5,2,5,0,0,58.2
13,3,26.6,5.45,3,3,23,0,1,98.0
15,3,8.2,14.17,1,1,4,0,1,98.0
10,1,3.2,2.32,3,1,23,0,0,66.3
12,2,5.0,8.46,1,1,16,0,0,63.0
7,1,10.6,7.57,3,3,12,0,0,46.5
10,1,11.4,11.31,3,2,19,0,0,48.1
8,1,24.6,7.58,3,2,16,0,0,50.1
12,2,23.5,0.97,3,1,18,1,0,79.0
10,3,13.1,7.0,2,3,22,0,0,92.3
10,2,22.8,4.11,2,2,0,0,1,93.2
9,1,3.2,8.32,2,2,20,0,0,61.7
15,2,0.8,13.74,4,3,16,0,1,70.3
12,1,31.0,1.04,2,2,21,0,0,98.0
19,3,1.2,4.8,3,2,2,0,1,93.3
13,1,4.2,5.79,3,2,13,1,0,49.6
8,1,17.8,6.47,2,2,11,0,1,62.6
8,1,7.9,10.96,3,3,14,0,1,51.2
8,2,31.4,7.31,3,1,5,0,1,61.1
14,1,5.3,9.66,3,1,19,1,1,56.6
10,2,0.2,5.5,3,3,21,1,0,69.1
11,1,5.4,8.92,3,3,1,0,1,72.7
11,1,12.9,11.11,3,1,3,0,0,61.0
12,1,7.1,5.07,3,1,12,1,0,43.5
15,3,11.5,11.13,3,3,12,0,0,76.2
11,3,31.4,8.21,1,3,22,0,0,97.5
17,1,36.5,12.18,3,2,21,0,1,87.7
13,1,4.6,7.19,1,3,22,0,1,85.2
13,1,9.3,9.52,2,1,16,1,0,57.8
8,2,11.9,7.84,3,2,5,1,1,56.6
9,1,44.7,7.62,4,1,10,1,0,48.5
10,3,98.8,9.04,4,2,18,0,0,96.0
7,3,4.0,10.15,1,1,15,0,0,66.0
15,1,19.5,3.0,3,2,7,0,1,78.8
9,1,7.1,13.73,3,2,0,1,0,53.8
14,3,0.1,0.56,2,2,9,1,0,96.3
14,2,0.1,5.26,4,1,1,0,0,66.7
9,1,9.3,7.62,4,2,18,0,0,44.5
13,1,10.1,9.65,5,3,13,0,1,54.0
8,1,0.3,14.3,1,2,2,1,0,60.4
12,1,17.4,0.57,2,3,22,0,0,98.0
18,1,5.2,5.97,4,2,23,0,0,73.9
14,1,12.3,0.2,3,2,8,0,0,81.6
13,2,5.4,8.13,4,2,22,0,0,64.7
11,1,2.7,9.09,1,4,7,1,0,69.5
11,1,7.8,14.36,3,1,10,1,1,53.9
17,1,4.0,8.48,3,1,14,1,0,59.7
13,2,11.5,12.18,1,2,5,1,0,75.5
5,3,3.3,10.34,3,4,1,0,0,71.7
15,1,10.7,6.26,3,4,0,0,0,80.4
10,1,2.6,2.36,2,2,2,0,0,78.4
12,3,16.7,9.1,2,2,22,1,0,85.4
10,1,21.0,2.03,3,2,17,0,0,63.7
15,1,1.8,13.18,3,2,13,0,1,60.9
9,1,9.5,7.35,4,2,16,0,0,44.3
8,1,1.1,12.78,3,3,1,0,1,71.7
12,1,13.7,6.08,2,3,18,1,0,60.8
18,3,4.6,9.08,5,2,21,1,0,76.1
13,2,11.2,8.84,5,2,8,0,1,57.9
8,1,10.9,7.82,1,2,7,0,0,56.8
12,3,38.7,6.27,4,2,9,1,0,75.8
9,1,11.9,9.57,2,2,8,1,1,56.9
9,1,13.1,4.3,1,1,7,0,1,58.9
13,2,7.7,3.16,2,1,6,0,1,79.7
15,2,44.7,12.97,2,2,21,0,1,98.0
12,1,22.5,10.91,4,3,23,0,1,72.9
11,1,5.0,8.26,4,2,5,1,0,41.2
8,2,27.9,14.66,5,2,1,0,0,63.6
11,2,8.5,6.93,4,2,8,0,0,46.6
13,2,26.5,13.29,3,1,8,0,0,62.6
14,1,26.0,8.7,3,4,18,0,0,64.2
9,1,3.1,3.9,5,3,8,0,1,51.9
15,1,18.1,15.0,4,1,1,0,0,69.7
14,1,5.2,11.96,4,3,18,0,1,56.5
7,3,5.3,7.52,5,2,15,0,0,49.2
16,1,5.3,10.91,2,4,21,0,0,86.9
14,1,19.4,6.39,4,2,13,0,0,57.7
10,2,3.9,11.32,4,1,19,0,0,52.3
9,1,0.0,0.2,5,2,23,0,0,71.6
8,1,18.8,3.92,2,3,0,0,1,86.4
11,2,2.8,11.92,3,1,12,0,0,51.4
16,3,1.7,7.0,3,3,21,1,0,89.6
9,2,4.1,8.83,2,1,1,1,1,73.9
13,1,7.2,2.61,3,4,21,0,0,88.0
13,2,9.7,15.0,2,1,13,1,0,60.1
12,2,0.7,12.76,3,4,0,0,0,75.0
15,1,52.9,7.2,3,2,14,0,0,76.6
17,1,18.9,6.38,3,2,17,0,1,63.0
11,3,5.9,12.12,3,4,8,0,1,76.9
9,1,5.8,15.0,3,4,21,0,1,67.9
13,2,8.9,11.82,2,3,7,0,0,67.9
8,1,14.8,15.0,2,1,6,1,1,49.3
7,1,2.4,4.31,1,2,8,0,0,54.3
9,1,3.1,4.72,2,2,8,0,0,50.6
9,2,29.4,3.24,3,2,10,0,0,72.4
17,1,4.4,9.77,4,2,3,0,1,71.3
13,2,7.2,8.7,2,1,6,1,1,69.8
11,2,30.8,7.39,2,3,20,1,1,98.0
12,2,16.3,11.24,4,3,6,1,1,67.1
8,3,6.3,12.93,3,1,3,0,0,74.5
6,2,17.3,1.9,5,2,11,0,0,58.4
9,1,0.3,5.61,4,2,16,0,1,43.1
10,3,20.0,11.28,3,3,19,0,1,76.5
14,2,10.0,6.13,2,1,2,0,1,81.8
13,1,25.2,4.81,3,2,8,1,0,59.0
15,1,46.4,12.07,1,2,4,0,1,98.0
13,2,39.0,2.84,2,2,19,0,0,91.6
12,1,36.0,6.79,2,3,15,1,1,73.1
10,2,10.8,9.31,4,3,7,1,0,58.3
7,1,6.7,5.7,3,1,20,0,1,62.4
14,1,9.4,11.13,1,2,15,0,0,61.6
14,2,17.6,5.72,3,4,18,0,1,77.6
9,1,32.3,13.63,3,1,15,0,0,52.3
15,1,3.5,7.5,3,3,17,0,0,62.9
9,2,37.6,10.69,2,3,14,0,0,74.1
10,1,25.3,10.98,3,3,23,0,1,84.3
18,2,57.8,5.49,5,2,17,0,0,79.7
20,2,31.8,0.2,1,2,13,1,0,98.0
8,2,4.9,9.44,2,4,23,1,1,76.2
15,1,1.7,8.29,2,2,15,0,1,59.5
9,1,1.8,10.22,2,1,4,1,0,56.3
19,2,5.2,7.09,3,2,7,0,0,71.5
8,3,14.3,6.28,4,1,15,0,0,59.2
18,2,24.5,15.0,5,3,20,0,1,89.0
14,2,34.4,2.11,2,2,0,0,1,98.0
19,1,14.7,10.94,3,3,10,0,1,70.6
10,1,0.1,5.7,3,3,10,1,0,51.1
9,1,3.1,6.66,3,1,1,0,1,62.7
6,1,1.6,6.73,3,2,21,1,0,54.6
10,1,6.8,4.79,2,3,18,0,0,59.7
5,3,10.4,10.28,3,2,23,0,1,74.9
12,1,0.7,13.56,3,4,4,0,0,70.4
10,1,6.4,9.88,4,3,2,0,0,59.6
17,1,3.0,8.41,4,1,22,0,1,67.8
9,3,15.6,4.05,2,3,7,0,0,76.4
17,2,9.4,10.07,1,1,3,0,0,88.8
17,2,10.3,15.0,5,1,12,0,1,62.7
15,3,8.4,6.48,3,3,21,0,1,98.0
12,1,46.9,6.5,4,3,13,0,1,74.1
15,2,3.6,5.76,1,2,0,0,0,88.7
11,1,10.9,6.04,3,2,4,1,0,61.6
9,1,20.0,0.2,3,2,20,1,0,93.7
10,2,12.2,9.62,4,2,6,0,1,57.1
10,2,39.7,4.62,1,2,22,0,0,87.6
4,1,7.1,1.56,2,1,5,0,1,57.2
11,1,9.3,11.01,3,2,14,1,0,51.5
15,2,1.4,3.67,4,4,14,0,0,72.1
11,1,14.1,6.65,5,2,7,0,1,40.8
19,1,5.1,13.87,5,1,1,0,1,68.7
13,1,2.6,2.36,5,3,13,0,1,63.7
19,1,11.8,1.87,1,3,15,1,1,95.3
13,2,11.4,9.08,1,4,22,1,1,98.0
9,1,1.2,12.6,2,1,9,0,1,47.3
9,1,18.0,1.7,3,1,14,1,1,60.4
15,2,14.7,9.63,4,2,22,0,1,84.5
11,3,3.1,10.32,4,2,3,1,1,78.8
14,1,9.5,0.2,2,2,11,1,0,88.8
16,1,19.1,11.19,3,2,9,0,0,59.9
9,1,11.3,11.51,5,1,1,1,0,47.0
13,2,7.6,6.75,3,2,3,0,0,78.5
9,2,5.8,13.01,2,3,19,0,0,58.1
14,2,14.1,12.55,3,2,5,0,0,69.2
6,3,42.0,8.41,3,3,13,0,1,84.9
11,2,16.7,6.19,3,2,22,0,1,81.4
14,2,1.2,4.11,3,2,2,0,0,77.6
6,1,9.3,7.85,1,2,14,1,0,47.2
14,1,33.2,10.28,5,2,0,0,1,73.1
16,3,1.5,6.7,3,1,18,0,1,74.1
12,1,67.5,0.2,3,3,0,0,1,98.0
16,1,44.7,13.07,5,3,12,0,1,72.4
14,2,1.2,8.76,2,2,7,0,1,66.8
15,1,40.6,6.48,2,1,17,0,0,67.8
14,2,6.8,11.43,4,4,21,1,0,80.4
13,2,27.9,14.1,2,2,2,0,1,88.3
17,1,8.1,0.2,4,1,22,0,0,93.5
16,2,8.7,9.74,2,2,17,1,1,79.4
10,1,15.1,2.29,1,3,19,0,0,81.6
8,1,22.3,10.0,3,2,8,0,1,53.1
16,2,0.5,8.51,2,2,5,0,0,68.3
13,2,13.5,10.54,4,2,19,1,0,61.9
13,2,3.1,6.0,3,1,1,1,0,68.3
15,1,6.4,0.51,5,2,3,1,1,85.8
15,2,6.4,6.2,4,3,17,0,0,63.8
21,1,9.5,9.63,2,2,6,0,1,76.4
14,3,6.1,12.06,4,1,10,1,1,63.2
10,1,1.7,3.31,3,1,4,0,1,59.4
10,2,2.4,12.11,3,2,7,0,1,54.8
15,1,0.5,5.41,4,3,10,1,1,49.0
15,1,9.5,9.45,3,2,23,0,0,67.7
12,1,46.3,5.96,3,2,19,0,0,72.9
14,3,1.8,8.73,3,1,19,1,1,63.1
11,2,43.9,11.57,2,2,14,0,1,84.6
8,3,19.8,3.09,2,1,23,0,0,94.1
14,1,15.2,5.28,3,3,2,1,1,75.0
6,1,15.5,8.74,2,2,6,1,0,54.1
14,1,26.3,15.0,1,3,23,0,0,89.3
20,2,1.7,4.55,1,3,7,0,0,90.8
11,1,10.5,15.0,3,3,10,1,0,55.0
11,3,17.9,15.0,3,2,9,0,0,68.7
17,3,13.3,7.61,4,1,19,0,0,60.4
9,3,26.8,6.81,3,4,8,0,0,74.9
14,2,1.1,5.23,3,3,14,1,0,66.1
16,2,17.6,7.73,3,3,19,1,0,80.1
22,2,11.5,2.37,3,1,23,0,0,97.0
15,1,7.2,7.7,3,2,21,1,0,69.5
7,2,6.2,13.99,5,3,4,1,0,56.8
18,1,14.5,5.56,5,1,14,0,0,52.9
15,1,33.2,7.04,4,2,3,0,0,77.3
7,1,10.3,1.2,5,2,4,0,1,70.4
14,1,26.1,9.5,3,1,14,1,0,60.7
8,1,7.7,9.06,3,1,16,0,0,37.0
9,1,1.6,8.25,4,2,22,0,0,52.0
10,2,1.0,7.13,3,1,7,0,0,51.1
11,1,0.8,6.83,4,2,18,0,1,43.6
13,2,7.2,10.01,4,1,8,1,0,50.9
15,1,6.2,7.88,5,2,9,0,0,44.3
12,2,19.0,9.26,3,3,4,1,0,83.7
8,2,20.4,8.86,4,2,9,0,0,54.3
13,2,0.8,12.49,3,2,21,0,0,69.9
13,2,3.7,10.71,3,3,0,1,1,83.3
10,1,4.8,8.77,3,4,21,0,0,57.8
6,2,11.9,14.07,4,1,23,0,0,58.6
11,1,2.3,9.68,5,2,3,1,1,59.5
13,1,2.2,13.22,2,2,20,0,1,71.6
15,2,43.2,10.43,3,2,4,0,1,97.0
8,1,24.5,0.63,3,3,22,0,0,90.5
13,2,3.0,13.22,5,4,6,0,0,54.6
14,2,7.8,8.54,3,4,22,1,0,82.1
10,1,6.6,7.79,2,2,4,1,1,71.0
12,1,23.5,9.13,3,1,19,0,0,56.5
11,1,10.7,6.62,3,4,7,1,0,59.2
12,3,2.1,8.91,1,2,16,1,1,89.1
6,2,20.1,5.63,3,1,0,0,1,73.2
9,1,7.6,13.1,5,3,21,0,0,56.7
17,1,4.6,7.55,4,2,17,0,1,61.1
14,2,7.1,6.47,1,2,11,1,1,76.7
13,2,10.3,4.3,5,3,2,1,0,76.3
8,1,6.3,9.08,3,1,19,0,1,44.4
6,1,4.2,8.75,2,1,13,1,0,42.3
9,3,7.6,9.55,1,2,15,0,1,75.2
15,1,0.3,3.89,2,2,17,0,1,66.5
10,1,22.2,1.6,4,1,9,1,0,66.1
16,3,2.8,10.5,1,2,22,0,0,94.0
11,2,0.7,13.94,2,2,14,0,1,60.3
12,1,15.9,3.89,4,3,9,0,0,56.7
17,1,22.3,14.36,3,1,0,0,0,78.8
9,1,25.2,9.14,4,3,18,0,0,61.9
18,1,10.2,7.97,4,1,1,0,1,69.9
13,3,3.4,6.41,1,3,12,1,1,87.7
15,1,20.0,2.46,4,2,15,1,0,70.2
8,2,18.0,11.95,2,1,7,0,1,66.0
22,3,4.2,4.9,3,3,2,0,0,98.0
16,1,35.1,4.88,3,1,20,1,1,89.8
11,1,1.7,11.97,2,1,18,0,0,47.6
10,2,60.8,0.47,5,2,13,0,0,90.1
8,3,29.5,1.91,3,3,10,0,0,87.3
22,2,17.5,7.93,1,1,11,0,0,87.2
14,1,41.9,9.17,5,1,10,0,0,58.2
15,2,19.2,9.94,3,1,10,0,1,69.3
22,2,3.2,6.79,3,2,21,0,0,96.1
9,3,8.8,15.0,3,2,20,1,1,84.9
8,1,1.1,7.09,4,1,17,1,1,29.6
10,2,7.4,7.08,1,1,9,0,1,64.9
11,3,20.3,4.81,2,2,15,1,0,73.3
13,1,7.3,8.5,3,3,7,0,1,67.9
8,1,6.0,10.46,1,3,5,0,1,52.8
14,1,13.6,12.81,4,3,18,1,1,62.8
13,1,30.9,2.04,3,1,12,0,1,79.0
9,1,0.7,7.02,2,4,14,0,0,57.4
9,3,7.3,9.79,1,2,12,0,0,72.1
3,1,2.6,10.35,4,4,0,1,1,61.8
10,1,17.8,8.03,4,2,20,0,1,69.2
3,2,1.7,10.17,3,2,1,1,0,47.7
13,1,16.4,4.76,3,2,12,1,0,62.4
11,1,5.1,14.23,2,2,1,1,1,71.8
12,2,3.3,11.97,3,3,10,0,0,66.0
7,3,41.3,2.62,1,3,12,0,0,97.5
10,2,0.3,3.7,3,4,9,0,0,62.9
9,2,8.6,3.81,3,2,22,0,0,69.6
22,1,0.3,10.71,5,2,21,1,0,74.0
14,3,9.9,2.86,3,1,14,0,1,86.6
17,1,10.4,6.68,4,4,0,1,1,81.2
19,2,5.8,9.82,3,2,13,0,1,66.5
12,1,2.1,7.74,5,3,9,1,1,51.9
17,3,7.1,9.04,3,2,17,0,0,69.2
14,2,16.7,3.74,3,2,10,0,1,85.7
9,2,22.9,10.38,4,4,6,1,1,63.9
11,1,11.3,5.55,1,1,14,0,1,60.5
7,1,13.4,6.7,2,2,2,0,1,68.4
13,2,3.4,8.95,1,1,1,0,0,79.2
17,2,5.1,8.41,4,3,21,0,0,81.5
10,1,2.6,8.1,1,1,7,1,0,50.1
15,3,4.3,5.0,4,1,7,1,1,66.4
15,3,3.8,6.8,3,2,10,0,0,70.4
16,1,11.0,8.01,1,2,15,0,1,71.0
12,2,12.4,2.5,3,2,1,0,0,88.1
10,2,43.5,6.15,2,1,21,1,1,84.9
11,1,3.3,9.55,3,4,4,1,0,69.9
11,1,15.4,2.89,3,4,6,1,0,70.4
9,2,25.5,12.63,3,2,19,0,0,64.6
9,2,12.3,13.08,1,3,12,0,1,72.7
13,1,4.4,3.02,3,2,1,0,0,76.9
13,2,4.6,13.43,4,1,2,0,1,71.9
11,2,0.6,7.43,4,2,8,1,0,49.1
12,2,5.5,9.67,4,2,9,0,1,59.8
11,1,20.5,6.01,2,2,23,1,0,68.3
13,3,0.7,11.69,4,2,12,0,1,71.4
13,1,3.7,9.62,3,3,20,1,0,66.7
20,1,18.4,4.74,1,2,12,0,1,84.4
8,1,22.9,3.34,4,3,4,0,0,68.3
10,1,9.1,2.16,5,1,22,0,1,65.1
12,3,18.0,8.75,3,2,6,1,1,82.9
10,1,7.4,10.29,2,2,16,0,0,51.8
15,2,2.6,10.6,2,2,14,1,0,65.6
10,1,7.6,7.53,3,3,4,0,1,68.9
14,1,13.0,3.37,4,3,23,0,1,83.2
11,3,44.4,5.27,2,2,6,1,0,89.3
8,2,1.1,12.61,4,3,1,0,0,63.1
8,1,10.6,6.06,2,4,23,0,0,71.9
14,2,6.0,8.57,4,2,17,0,0,54.2
13,1,10.6,3.7,5,1,9,1,0,46.2
21,1,0.4,9.35,3,3,0,0,1,87.0
15,2,5.6,6.17,3,1,13,0,0,59.4
20,2,25.7,12.19,4,3,18,0,0,79.6
9,1,12.1,11.09,3,2,15,0,1,50.4
13,3,9.0,6.02,3,2,18,0,0,71.5
10,2,5.0,7.49,3,1,5,0,1,56.9
15,1,5.3,5.8,2,2,11,1,1,67.9
16,2,7.2,2.32,4,4,2,0,0,97.6
14,2,27.1,4.57,2,1,6,1,0,66.8
13,2,51.3,8.79,5,2,23,1,1,98.0
13,1,8.7,9.3,2,4,2,1,1,84.3
9,2,7.5,8.59,4,2,16,0,0,47.6
13,1,28.1,6.79,2,2,14,0,0,65.8
9,2,8.4,11.73,3,2,18,1,0,52.6
13,2,12.0,8.25,3,2,18,0,0,60.0
14,1,3.9,10.81,4,1,22,0,0,60.1
11,2,20.4,0.9,3,1,10,1,1,83.9
7,3,11.4,0.2,4,2,20,0,1,98.0
14,3,24.8,9.14,3,4,19,0,0,78.1
9,1,22.8,2.3,3,1,1,0,1,79.6
8,1,3.6,7.15,4,1,6,1,0,29.3
9,2,18.9,6.79,2,2,18,0,0,61.4
6,1,24.1,14.35,3,3,6,1,0,52.0
9,3,6.4,9.6,3,2,9,0,0,59.4
17,1,2.8,8.66,3,3,11,0,0,59.7
12,1,0.0,11.35,3,1,22,0,1,62.5
10,1,9.0,9.47,3,4,17,0,0,53.8
13,1,6.5,6.17,2,2,22,0,1,71.6
12,2,12.1,12.29,4,3,5,0,0,54.5
8,1,3.1,3.56,5,2,19,1,0,40.7
8,1,29.5,9.29,3,3,20,0,0,69.3
7,1,4.5,1.81,3,1,7,0,1,51.2
15,2,3.9,8.82,1,1,4,0,0,86.1
18,1,9.8,8.77,4,2,2,1,1,78.0
11,2,10.4,14.71,2,3,1,0,1,81.8
12,2,3.6,1.74,3,3,21,0,1,94.1
12,2,4.8,5.6,5,2,5,1,0,52.4
15,3,2.8,11.29,3,2,6,0,1,75.1
9,3,19.0,9.34,4,1,7,0,0,57.3
12,3,22.1,8.72,3,3,3,0,1,98.0
11,1,9.3,4.18,1,3,11,1,0,66.0
13,1,18.8,5.64,4,3,23,0,0,75.2
18,1,20.0,12.98,1,2,11,0,0,74.4
11,3,2.2,7.79,4,4,16,1,0,64.8
15,3,50.8,9.5,1,3,21,0,0,98.0
6,3,25.8,7.54,4,2,21,1,1,82.8
8,1,3.4,3.27,2,2,18,0,1,60.5
13,3,3.1,11.74,3,2,8,0,0,67.7
18,1,2.0,10.01,3,2,11,0,0,56.0
13,1,2.2,15.0,3,2,20,0,0,60.6
8,1,20.7,3.94,3,2,16,0,0,57.9
11,1,9.5,11.29,3,2,22,0,1,72.3
11,2,22.9,2.75,3,2,9,0,1,84.0
21,1,20.6,8.63,3,2,18,1,0,75.3
21,1,13.9,11.91,3,2,10,0,0,71.1
10,2,17.4,0.2,3,3,19,1,1,94.3
11,3,0.3,7.18,2,2,21,1,1,86.4
13,2,5.6,5.75,5,1,23,1,0,62.9
13,1,15.2,5.19,3,2,12,1,0,55.6
8,2,0.1,9.54,2,3,3,0,0,72.9
15,3,0.5,12.48,3,3,14,1,0,76.9
8,1,28.6,7.47,4,2,11,1,0,43.9
10,2,17.3,8.82,1,4,23,1,0,94.6
14,1,4.6,8.46,3,1,9,0,1,53.6
16,1,17.5,8.01,3,4,21,1,0,89.3
10,2,23.6,3.64,2,1,6,1,1,79.3
12,3,5.5,12.43,4,1,23,1,0,68.5
11,1,0.6,9.18,3,2,1,0,0,59.5
11,2,40.5,9.58,2,2,20,0,0,84.0
15,3,6.4,4.77,4,2,6,1,0,67.6
11,3,1.7,6.16,3,3,7,0,1,73.3
15,1,10.2,7.3,4,3,20,0,0,73.5
12,3,21.9,1.86,3,2,18,1,0,89.9
21,1,3.8,1.25,4,2,5,0,1,85.8
7,2,4.7,5.6,4,1,20,0,0,51.8
11,1,4.2,10.09,1,1,7,0,0,52.1
7,1,71.8,5.39,4,2,21,0,0,77.9
8,2,3.3,3.92,3,1,19,0,0,52.2
15,1,12.9,4.74,1,3,3,0,0,91.4
11,1,38.9,6.18,3,2,19,0,0,62.6
12,1,2.4,6.58,1,1,23,0,1,67.4
15,2,53.0,15.0,4,2,8,1,1,86.1
14,1,44.2,12.22,3,1,4,0,0,83.1
12,2,32.4,12.1,5,2,5,0,0,58.0
13,1,3.6,12.67,2,3,18,0,0,63.4
8,1,15.1,4.0,3,2,11,1,0,49.6
12,1,21.5,3.11,2,1,4,1,0,78.0
3,1,64.1,3.57,3,3,4,0,1,83.6
14,1,3.0,13.34,4,1,17,0,1,49.5
6,1,21.8,5.81,4,3,5,0,0,52.0
20,3,6.2,2.99,4,2,8,1,1,93.1
10,2,2.9,6.28,4,2,10,0,0,46.2
10,1,8.2,7.05,1,3,22,0,0,76.0
14,1,23.7,9.07,3,3,13,1,0,68.2
8,3,9.4,9.0,3,1,23,1,0,75.2
14,1,11.6,4.69,3,2,1,0,1,72.1
9,1,80.0,10.74,2,3,13,1,0,91.6
10,2,7.6,5.44,3,1,18,0,0,52.2
13,2,14.3,7.37,3,2,9,1,1,75.0
9,2,6.8,10.75,3,3,4,0,0,71.8
13,1,7.5,5.43,4,2,22,0,0,63.8
13,1,17.8,5.72,3,3,3,0,0,71.6
15,2,41.7,10.37,1,3,6,0,0,96.2
13,1,11.7,4.57,1,3,23,0,1,84.6
7,2,21.9,6.46,4,3,12,0,0,56.9
18,2,1.4,10.22,5,2,9,0,1,61.5
11,1,3.6,15.0,3,2,9,0,0,46.6
11,3,10.5,10.42,3,2,3,1,0,84.8
19,2,0.3,9.89,5,3,15,0,0,62.1
7,2,4.4,10.12,3,3,14,0,1,61.4
17,1,10.9,3.71,4,2,20,0,0,75.6
10,1,0.2,8.46,4,2,10,0,1,44.6
18,1,4.6,7.88,3,4,18,0,0,75.5
15,1,10.8,9.29,3,2,20,0,0,71.8
15,3,12.8,8.47,2,1,23,0,0,89.5
8,1,39.0,9.52,2,3,2,0,1,85.4
4,1,15.5,6.75,4,4,14,1,0,42.0
16,1,8.0,8.23,4,3,15,0,0,53.9
12,2,40.0,3.09,4,3,13,0,0,89.8
15,1,23.0,6.72,3,1,4,0,1,76.4
13,1,3.3,13.56,1,3,16,1,1,63.1
10,1,2.1,9.28,1,2,17,0,1,57.9
13,3,16.9,7.92,3,3,18,1,0,78.8
8,1,12.3,15.0,3,2,0,0,1,63.7
7,3,23.4,2.56,3,1,8,0,1,78.7
15,2,20.1,3.56,1,2,20,1,0,98.0
13,1,14.7,14.85,5,2,13,1,0,48.0
13,2,64.4,8.18,3,3,19,0,0,93.3
10,1,11.4,7.03,4,4,20,0,0,65.5
12,3,1.8,3.2,3,3,19,0,1,92.0
15,2,26.4,9.79,2,3,20,1,1,98.0
15,1,4.4,10.18,4,2,22,0,1,68.9
20,1,22.5,3.62,4,3,10,0,0,73.4
10,1,47.2,7.44,3,3,23,0,0,83.2
10,3,17.9,6.66,3,3,1,0,0,89.4
11,1,13.6,9.02,1,2,19,0,0,63.3
17,2,9.3,3.52,3,2,23,0,1,88.7
11,1,6.8,13.01,5,3,22,0,0,57.8
14,3,6.5,11.66,1,2,4,0,1,97.0
13,1,15.2,6.55,2,3,21,0,1,88.5
15,2,20.9,7.13,5,4,23,0,1,88.8
13,1,17.0,7.45,2,2,14,0,0,53.1
13,2,3.3,4.89,3,3,11,0,1,69.7
13,1,10.2,6.23,3,3,13,0,1,55.7
13,1,23.5,6.92,3,3,10,0,1,70.1
12,1,9.7,14.45,3,2,20,1,1,79.5
5,2,11.5,11.79,2,3,8,0,1,66.5
15,1,22.1,11.74,1,2,19,0,0,72.4
15,2,16.2,9.48,4,1,7,0,1,62.5
11,1,7.9,3.53,4,3,11,0,1,65.2
10,3,33.9,7.83,3,3,2,0,1,98.0
6,3,2.7,11.88,3,3,20,0,1,76.6
13,2,81.1,2.97,2,1,14,0,0,98.0
13,1,1.9,10.55,1,1,7,0,0,51.6
13,1,0.2,15.0,4,4,6,0,0,53.8
7,1,33.1,12.25,3,1,16,1,0,47.5
16,1,4.2,13.66,3,3,11,1,0,60.8
13,2,19.6,8.87,2,3,19,1,0,78.0
8,2,25.0,11.87,1,3,17,0,0,71.1
10,3,29.4,5.13,3,1,17,1,1,77.0
9,1,71.7,11.18,4,3,14,1,0,77.7
10,2,5.2,10.62,5,3,22,1,0,64.7
9,1,18.6,9.16,4,2,2,0,0,62.0
11,2,1.8,13.26,5,2,18,1,0,47.0
7,1,7.8,5.84,5,2,14,0,0,32.7
14,1,28.3,7.25,3,1,15,0,0,62.3
11,1,6.9,8.38,2,3,21,0,1,81.5
15,2,13.4,3.88,4,3,21,1,0,89.1
13,3,10.5,8.91,2,4,16,1,1,87.5
15,1,15.6,1.12,2,2,0,0,1,98.0
20,1,54.1,12.19,2,3,10,0,1,98.0
5,1,0.9,8.19,3,1,5,0,0,34.2
9,2,12.8,5.92,3,3,22,0,0,72.1
17,1,29.8,4.66,2,2,8,0,0,72.1
9,2,9.8,7.06,3,4,19,0,0,64.3
11,3,1.2,10.75,4,3,15,1,0,62.4
5,3,12.3,10.19,3,4,5,0,1,75.2
17,1,6.1,5.18,4,3,11,0,0,50.4
12,3,2.5,4.62,2,3,18,1,0,76.4
10,2,28.4,10.63,2,1,12,1,0,63.8
21,1,11.1,5.11,3,3,12,1,1,80.1
19,2,40.6,8.24,3,2,3,0,1,98.0
11,2,24.6,8.5,3,2,8,1,0,62.9
9,1,17.7,9.25,4,1,13,0,0,44.4
8,1,0.1,11.43,4,3,13,1,0,43.9
13,1,8.4,2.95,5,2,16,1,1,58.6
7,2,3.3,0.36,3,2,4,1,1,90.0
9,1,36.3,5.73,2,3,22,0,1,90.0
16,3,2.9,15.0,3,4,18,0,0,84.7
12,2,5.1,15.0,2,3,1,1,1,89.0
16,2,10.9,15.0,2,2,12,1,1,75.8
12,1,4.6,7.23,2,2,10,0,1,56.4
11,2,3.5,0.87,3,1,1,1,0,91.8
16,1,13.7,0.2,2,2,0,0,0,98.0
12,1,1.4,5.54,1,1,20,0,0,64.1
14,2,0.9,7.21,3,4,2,0,0,81.2
5,1,7.0,13.2,3,2,11,0,1,42.9
15,2,19.1,11.47,4,1,6,0,1,65.7
8,1,12.1,8.91,3,2,0,1,0,58.3
8,1,8.2,4.44,2,2,8,0,0,55.2
15,1,12.5,4.16,2,2,17,0,0,68.7
9,3,6.8,9.02,2,1,23,1,1,89.2
9,2,41.3,10.79,4,4,19,1,0,76.8
12,2,0.8,9.57,4,2,5,0,0,52.0
12,1,16.8,3.86,2,1,8,0,0,65.8
7,1,33.3,10.6,3,1,22,0,0,64.3
16,3,24.4,9.7,5,2,7,1,1,86.8
9,1,3.1,3.72,3,1,22,0,1,63.4
10,1,5.3,4.86,4,1,17,0,0,39.6
13,2,18.9,10.75,2,2,14,1,1,73.3
15,1,1.3,7.06,2,2,0,0,0,70.3
18,2,25.1,14.36,4,1,13,0,1,73.0
8,2,19.0,10.0,3,2,17,1,0,61.3
15,1,19.6,6.05,3,2,18,0,0,62.1
8,1,1.6,7.96,3,1,18,0,0,28.0
14,1,19.0,8.25,3,2,9,1,0,59.6
11,3,17.1,5.09,4,1,19,1,0,58.1
15,2,26.7,4.35,2,1,20,0,1,94.2
13,1,0.6,10.81,3,2,5,0,1,58.2
17,1,0.4,11.38,4,1,16,1,0,43.1
8,2,7.0,10.42,3,1,13,0,1,48.3
13,2,2.4,14.06,3,2,12,0,0,52.7
6,1,12.3,5.83,4,4,7,0,1,49.0
16,1,37.4,14.7,5,3,21,0,0,74.2
14,1,7.5,4.4,3,3,9,1,1,60.5
12,2,28.0,3.95,3,3,8,0,0,76.6
12,3,0.0,0.96,4,4,4,1,0,98.0
12,1,2.8,6.22,4,3,22,1,0,58.7
10,2,0.5,5.99,4,2,3,1,0,63.0
7,1,6.0,10.1,3,2,5,1,1,46.2
8,1,35.8,8.98,3,1,5,1,0,53.9
11,1,1.5,3.23,3,3,12,0,0,55.2
14,2,14.0,6.43,4,4,3,0,0,89.9
10,1,9.0,6.51,4,2,21,1,0,53.1
13,2,41.8,0.9,2,3,7,0,1,98.0
14,1,2.0,4.08,3,2,4,0,0,72.0
14,1,3.6,4.92,3,2,1,0,1,72.1
9,1,0.4,13.73,5,2,8,0,0,35.9
10,2,8.5,8.77,3,2,10,1,1,59.8
14,1,4.9,10.65,3,2,19,1,1,53.6
10,2,30.6,2.01,1,3,19,0,1,93.4
15,1,13.9,12.78,3,3,10,1,1,74.0
14,1,14.3,13.2,1,3,6,0,0,69.1
7,1,11.4,0.2,4,1,13,1,1,63.1
12,1,1.4,5.18,4,3,5,0,1,58.6
12,1,8.8,9.98,3,2,3,1,1,68.4
24,1,114.2,10.58,3,2,5,0,1,98.0
11,2,27.0,5.29,4,3,2,0,1,80.9
10,2,33.6,6.78,2,2,22,1,0,81.0
10,1,26.0,5.61,2,1,5,0,0,62.3
14,1,1.6,8.44,5,2,2,1,0,63.1
16,1,3.9,12.79,4,3,0,0,1,78.1
17,1,0.0,4.92,4,2,20,0,0,69.5
14,1,5.4,12.0,2,2,17,0,0,60.3
6,3,1.7,4.87,2,3,22,0,0,74.6
10,1,9.6,4.61,1,3,22,0,0,77.8
10,1,17.0,11.27,2,3,3,1,1,76.9
15,1,31.1,11.69,4,2,5,0,1,57.9
14,1,20.7,11.41,2,1,16,1,0,64.5
17,2,41.9,2.74,4,2,17,0,0,92.2
6,1,0.8,6.14,2,2,5,0,0,36.6
15,1,0.2,11.29,3,3,1,0,0,69.3
16,2,16.2,8.17,5,1,11,0,0,60.8
13,1,5.1,3.71,2,2,11,1,0,62.6
17,2,4.4,9.83,3,3,3,0,0,78.6
12,2,6.0,5.14,3,3,15,0,0,58.1
10,1,4.7,15.0,2,3,19,0,1,65.6
15,2,10.7,14.18,3,3,9,0,0,70.1
17,1,8.7,10.42,3,3,9,0,0,67.7
13,2,10.8,13.44,3,3,6,0,0,72.7
13,1,16.8,8.26,4,2,13,0,1,55.3
9,1,7.3,11.06,3,4,6,1,0,54.2
7,2,4.3,13.91,1,2,11,1,0,50.7
12,3,2.7,8.98,3,1,10,0,0,59.2
20,3,6.4,6.98,1,2,16,0,1,97.4
15,2,20.3,1.18,3,3,10,1,1,97.6
13,1,21.2,7.67,3,4,20,1,1,87.0
9,1,16.5,11.29,2,1,2,1,0,66.9
12,1,4.0,11.78,4,1,18,1,1,47.4
8,1,13.3,10.02,5,3,21,0,1,61.0
12,1,12.7,5.83,4,4,3,1,0,71.0
13,3,9.9,0.2,3,2,7,1,1,97.4
9,1,12.0,6.02,3,2,13,0,0,43.9
9,1,10.2,6.78,5,3,19,0,0,46.0
7,1,12.5,6.75,3,2,23,0,1,65.5
15,2,18.9,10.47,4,3,13,0,1,71.2
12,2,1.7,15.0,1,1,15,0,0,61.6
18,2,20.8,8.49,1,1,14,0,0,75.9
6,1,2.2,7.13,4,1,11,0,1,32.1
7,2,1.0,6.96,4,2,15,0,0,44.4
12,1,56.0,8.5,4,1,19,0,0,64.7
12,3,47.2,4.69,5,1,18,1,0,74.3
9,2,0.9,8.48,2,3,4,0,1,75.0
11,1,8.8,9.8,2,1,11,1,1,51.0
17,1,3.1,8.84,5,4,4,1,0,73.8
13,2,10.0,9.83,2,2,9,1,0,72.3
16,1,26.6,9.73,3,3,16,1,0,72.2
13,3,45.1,0.91,3,1,14,0,0,98.0
9,1,15.1,10.55,1,1,7,0,1,62.8
13,1,6.6,5.32,2,2,7,0,0,53.4
7,1,13.9,3.62,3,2,7,1,0,54.9
11,1,5.6,3.58,4,3,9,0,1,57.3
7,1,36.1,9.73,4,3,19,0,0,51.9
15,1,30.6,7.11,3,3,12,1,0,69.1
6,2,12.3,1.27,3,2,15,1,0,68.6
19,1,5.9,9.91,2,3,8,1,1,79.1
14,3,5.2,2.24,2,2,15,0,0,83.8
13,2,0.5,8.56,3,4,9,0,0,63.5
13,2,25.4,8.95,1,3,2,0,0,96.6
14,1,9.0,11.54,2,1,22,0,1,76.2
17,1,5.9,15.0,3,2,21,1,0,66.8
12,1,9.6,2.54,3,2,13,0,1,65.9
10,2,25.6,7.79,1,3,12,0,1,75.4
13,3,2.0,6.89,3,2,3,1,1,83.4
7,1,29.2,9.73,3,3,3,0,0,67.7
10,1,34.2,8.86,1,2,5,1,0,69.6
14,3,44.0,6.59,5,1,23,1,0,80.5
14,1,7.6,6.24,1,1,18,1,0,61.4
10,2,3.7,3.53,4,2,10,0,1,59.7
11,2,7.0,11.95,1,3,7,0,0,68.8
18,2,6.1,9.84,4,2,13,1,0,68.0
10,1,2.9,11.67,1,2,7,1,0,58.5
11,1,14.0,6.76,4,1,13,0,1,45.8
14,2,9.7,5.37,3,1,22,0,0,71.3
11,3,30.1,3.69,4,3,6,0,0,80.7
11,1,0.5,9.44,3,2,20,1,0,57.2
17,1,15.5,3.84,1,3,17,0,1,81.8
8,2,21.6,15.0,4,3,11,0,0,57.5
13,3,21.4,2.77,1,3,13,0,0,97.4
10,2,32.6,9.09,5,1,14,0,0,54.0
11,3,19.6,14.27,1,2,17,1,1,91.1
14,1,39.4,10.4,3,3,11,0,0,72.1
10,1,6.1,8.7,4,3,9,0,1,48.1
14,2,10.5,4.13,3,3,11,0,1,76.3
12,2,0.2,2.47,2,1,7,0,0,69.3
11,1,0.1,11.08,4,1,5,0,0,36.3
8,1,4.1,14.02,4,2,23,0,0,49.3
15,2,1.6,6.24,5,3,18,0,0,50.9
10,1,4.5,3.44,3,2,0,1,0,69.5
10,1,2.9,0.2,3,1,12,0,0,61.7
13,2,0.4,4.08,3,3,21,1,0,85.3
21,2,36.0,7.55,2,2,15,0,0,91.2
11,2,0.1,14.4,4,1,17,0,1,48.5
12,1,20.0,10.69,3,1,11,0,1,55.4
12,2,2.5,9.22,3,2,4,0,0,71.2
11,2,36.5,6.4,3,2,20,0,0,81.2
9,2,33.5,5.67,4,2,12,0,1,63.4
5,2,15.9,13.62,5,1,7,0,1,44.3
13,1,16.7,8.8,3,1,5,0,1,53.9
13,1,0.1,0.2,3,2,2,0,0,88.9
11,1,62.9,5.31,4,3,19,0,0,76.0
12,1,31.5,4.57,3,1,3,0,0,75.8
13,2,33.8,5.81,1,2,11,1,1,87.4
13,2,16.1,10.25,1,1,12,0,0,63.4
11,2,6.3,7.57,1,1,1,1,0,71.4
12,2,33.6,7.69,3,1,18,0,0,62.0
12,1,5.2,13.25,4,1,3,1,1,58.6
19,1,12.4,5.21,3,3,22,0,0,83.4
12,1,1.6,15.0,3,2,12,1,1,48.6
13,1,38.3,5.31,5,3,18,0,1,65.5
10,1,2.3,8.36,4,1,7,0,1,43.4
15,2,3.8,6.88,3,1,7,0,0,55.2
12,3,12.3,8.49,2,2,15,0,1,76.2
13,1,21.7,9.78,2,3,10,1,0,71.3
8,1,14.5,9.74,1,2,17,0,0,52.2
16,2,4.0,4.99,2,2,3,0,1,89.3
11,1,0.0,3.51,2,2,23,0,0,75.6
14,2,21.2,15.0,3,1,0,0,0,74.6
14,2,63.2,6.06,1,4,0,0,0,98.0
10,3,24.9,10.8,2,2,13,0,0,75.4
15,1,9.2,1.57,2,3,3,0,0,96.6
10,2,35.1,6.88,3,3,10,0,0,69.6
15,1,7.9,7.49,3,2,17,0,0,63.0
14,2,11.2,9.89,3,1,15,0,1,67.1
16,1,9.7,0.2,2,2,16,0,0,84.4
6,1,8.9,8.66,3,1,23,0,0,45.5
6,2,22.4,3.4,1,2,1,0,0,85.6
11,2,11.2,9.3,2,2,3,1,1,83.9
10,2,5.7,3.85,4,3,2,1,1,85.2
12,2,4.5,4.58,5,3,14,1,1,60.0
6,2,0.6,6.91,3,3,1,0,0,62.2
15,1,13.1,3.79,5,1,23,1,0,62.0
4,2,3.9,6.1,3,2,18,0,0,44.3
11,2,2.4,3.23,1,1,8,0,0,72.3
9,3,15.9,0.67,5,3,9,0,0,76.3
11,3,17.1,12.07,1,4,20,1,1,98.0
10,1,20.9,2.82,3,2,18,1,0,60.3
9,2,10.5,7.29,2,1,4,0,1,69.7
10,1,33.7,11.01,3,2,13,0,0,64.6
12,1,41.3,5.54,3,3,9,0,1,77.8
13,2,24.7,4.7,3,2,15,1,0,67.9
6,1,15.1,8.9,2,1,5,1,1,48.0
9,2,5.4,12.47,3,4,7,0,0,59.5
12,1,61.1,3.32,3,3,1,0,1,98.0
8,1,4.8,7.4,5,1,17,0,0,27.2
9,2,3.4,1.07,4,4,20,1,0,91.6
10,2,8.8,6.43,3,2,20,1,0,68.0
13,3,0.9,8.14,2,2,20,0,0,86.4
15,2,57.6,4.58,4,2,19,0,1,87.6
4,2,13.3,6.17,2,3,7,1,1,56.5
14,1,12.2,2.37,2,3,4,0,1,98.0
16,1,16.0,8.31,3,1,16,1,1,55.0
9,1,10.3,12.22,4,4,15,0,0,56.1
10,2,0.5,3.61,2,1,4,1,1,82.2
10,2,14.2,5.51,2,3,16,1,0,67.5
16,1,18.9,10.01,3,2,3,0,1,80.2
11,2,8.1,12.85,2,1,0,1,0,70.7
12,2,21.2,2.03,3,1,21,0,1,95.7
13,1,3.9,7.32,3,3,5,1,0,55.3
14,1,3.8,9.13,3,2,0,1,0,63.0
10,2,2.6,7.59,2,3,23,0,0,75.9
15,2,7.0,0.2,2,2,3,0,0,98.0
20,3,28.2,10.0,4,3,1,0,0,98.0
11,1,26.4,14.08,4,2,12,1,0,60.5
9,3,7.2,8.47,2,2,13,1,1,71.0
11,1,13.3,3.88,2,2,16,0,0,55.3
15,1,19.1,5.95,1,3,10,1,1,75.6
9,3,4.1,15.0,3,2,2,0,0,77.0
12,1,2.8,11.64,4,1,6,0,0,37.3
9,2,53.7,10.56,3,4,9,0,0,78.9
13,1,14.4,9.43,3,3,10,0,0,64.3
15,2,59.8,5.36,4,1,9,0,0,80.0
13,3,6.2,7.2,5,4,7,0,0,65.6
14,1,18.2,7.69,1,3,4,0,0,76.2
17,2,3.8,10.2,2,1,22,1,1,88.0
11,1,4.5,14.04,1,1,1,0,0,66.4
7,2,10.8,12.47,4,3,14,0,0,55.5
10,1,5.8,2.32,4,3,15,0,1,60.2
7,1,2.8,8.9,3,1,3,1,1,53.0
12,1,4.6,10.95,1,2,21,1,0,73.2
12,1,0.5,10.48,2,2,15,1,1,61.2
21,3,18.3,5.48,2,2,11,1,1,98.0
14,1,10.2,15.0,3,1,13,0,0,48.8
7,1,1.5,2.89,2,1,11,0,0,54.4
7,1,2.8,3.67,1,3,20,1,1,76.9
15,1,1.6,8.93,4,3,15,1,0,53.4
10,2,14.2,15.0,2,2,15,0,0,65.5
16,3,1.5,4.66,3,2,21,1,0,93.2
17,1,21.1,6.94,2,2,11,1,1,76.4
15,3,0.3,12.31,4,2,1,1,1,93.2
11,2,4.3,7.93,3,4,22,1,1,82.4
5,1,33.2,6.66,5,3,23,0,1,64.5
9,2,19.0,10.26,3,1,13,0,0,52.6
15,2,1.1,9.09,5,2,10,0,0,53.6
19,2,25.8,12.12,4,2,8,0,1,81.4
21,3,10.2,13.17,3,2,21,1,1,98.0
10,1,28.1,9.23,5,2,6,0,0,48.7
8,3,13.8,9.17,3,3,11,0,0,65.3
13,2,17.2,8.86,3,3,16,0,0,70.0
13,1,75.5,9.96,1,2,8,1,0,89.5
11,2,4.0,8.22,3,3,5,0,0,61.5
9,1,14.7,8.0,4,3,11,0,0,45.8
18,3,9.3,12.79,4,3,19,0,1,78.7
12,2,0.6,14.06,2,4,9,0,0,64.4
14,1,0.2,1.97,3,2,8,1,1,66.8
8,1,1.9,8.04,2,2,11,1,0,43.4
13,2,15.7,5.25,3,3,0,0,0,79.5
12,1,12.6,6.76,2,3,1,1,0,75.2
12,1,12.1,9.61,5,4,18,0,1,55.2
6,1,0.5,10.68,2,1,0,1,0,52.8
15,1,9.5,7.55,2,2,15,0,1,67.6
12,1,38.8,0.35,4,1,15,1,1,83.2
4,1,7.6,4.14,3,2,17,0,0,44.8
11,1,14.7,11.59,1,1,17,0,0,53.7
16,2,22.7,0.2,3,1,22,0,1,98.0
21,2,23.0,12.75,1,1,12,0,0,87.7
13,1,11.0,10.08,5,2,21,1,0,57.5
11,1,29.3,13.26,3,2,11,0,0,62.4
6,2,7.4,7.21,2,1,8,0,0,50.6
15,1,32.9,0.2,3,2,4,1,1,98.0
12,1,4.1,9.72,1,1,8,0,0,55.2
9,1,4.9,13.1,4,4,12,1,0,48.7
14,2,0.8,11.7,5,2,15,0,0,54.1
13,2,23.8,5.35,4,2,9,0,1,70.7
12,2,8.1,8.35,3,3,15,1,1,70.5
18,2,3.9,5.87,3,2,13,0,1,71.6
13,2,4.0,4.72,1,3,1,0,1,91.8
10,1,34.8,11.82,3,2,18,1,0,58.3
14,2,26.9,3.21,3,4,10,0,0,82.7
11,1,12.1,4.42,3,1,18,1,0,54.1
12,2,14.4,3.58,5,4,10,1,1,69.2
7,2,9.6,2.04,2,3,13,0,1,80.2
11,2,7.5,8.59,1,2,14,1,1,70.0
15,1,37.1,12.65,1,3,6,0,1,86.3
11,1,2.0,7.26,2,2,14,0,0,53.1
13,2,8.1,1.98,1,1,23,1,0,92.4
15,2,6.3,11.36,3,1,22,1,0,75.4
13,3,10.3,14.74,3,4,7,1,0,80.2
14,1,9.2,5.42,2,2,3,1,0,70.6
7,2,11.0,6.09,4,2,17,0,0,50.2
9,2,2.3,10.06,2,3,13,0,0,64.5
3,3,10.8,14.49,3,2,20,0,1,78.8
16,2,4.2,5.92,3,1,17,0,0,59.8
20,2,3.1,2.67,3,3,3,0,0,98.0
11,2,1.0,10.53,5,3,1,1,0,64.1
12,2,21.6,11.2,1,1,20,0,0,86.6
10,3,8.4,8.02,3,4,5,1,1,83.4
17,1,14.8,5.77,4,1,10,1,0,56.0
15,1,19.5,11.98,3,2,0,0,1,82.1
12,3,17.1,10.11,2,1,14,0,0,68.4
13,2,9.5,4.93,3,2,11,0,0,69.2
10,2,7.4,8.2,3,2,23,0,0,67.6
9,1,7.1,2.59,4,2,17,1,0,43.1
12,1,15.3,10.74,1,3,4,0,0,73.0
10,2,10.2,6.95,1,1,10,1,1,67.7
15,2,28.4,6.26,3,3,23,1,0,87.3
8,1,31.2,7.87,2,2,20,0,0,72.6
12,1,2.8,8.16,2,4,18,1,0,55.6
11,2,2.2,11.58,2,2,21,0,0,74.4
12,1,14.9,10.36,2,1,0,0,1,75.3
23,3,5.4,7.37,2,1,16,0,1,92.4
10,1,0.3,11.05,5,3,7,0,0,36.2
9,2,32.9,9.6,2,3,22,0,0,90.6
9,3,3.9,6.29,2,2,15,1,0,63.5
11,2,39.7,7.5,2,2,10,0,1,80.5
10,1,19.0,7.41,5,2,18,0,0,41.2
16,2,21.6,10.02,4,4,23,0,1,94.1
11,1,3.4,6.53,4,4,10,0,0,56.9
15,1,4.0,6.44,2,4,14,0,1,71.8
13,3,11.0,15.0,4,3,7,0,0,65.9
6,2,2.8,11.76,3,4,13,0,0,50.7
14,2,5.5,4.96,2,1,0,0,1,80.4
15,1,5.8,10.28,3,3,9,0,1,61.3
20,1,2.6,8.47,4,3,6,1,1,70.5
9,1,3.4,9.57,4,4,17,0,1,46.8
10,2,23.3,8.55,4,2,11,1,1,62.6
15,2,2.7,12.76,5,1,1,0,0,66.8
12,2,0.4,9.38,2,2,17,0,1,63.1
11,2,14.9,7.75,3,3,20,0,1,85.0
14,1,55.9,12.17,1,1,6,0,0,80.7
18,1,6.0,8.93,4,2,19,0,1,61.0
9,1,1.9,8.49,2,2,11,1,0,48.8
8,1,12.7,9.26,4,2,19,0,0,34.6
16,1,35.5,7.63,3,2,13,1,1,79.5
14,3,23.0,8.04,3,1,9,0,0,67.4
19,1,14.6,5.65,1,4,8,0,0,87.3
11,3,5.7,5.0,3,3,22,0,0,84.4
15,1,11.7,4.01,4,1,14,0,0,55.9
11,3,1.4,2.43,1,3,19,1,0,94.4
16,2,17.0,4.48,3,3,23,1,1,98.0
11,3,19.4,7.3,1,1,9,1,1,83.9
14,1,50.3,8.41,3,2,18,0,1,77.3
12,2,4.5,6.91,2,2,18,0,0,60.9
8,3,0.3,0.2,2,2,11,1,1,93.5
10,1,11.8,14.3,4,3,22,0,1,68.9
9,1,18.4,12.35,3,2,11,1,0,51.0
13,1,23.4,9.78,2,1,8,0,1,64.7
17,3,3.2,15.0,3,4,19,1,1,86.1
14,2,4.6,4.09,2,1,3,1,0,75.4
12,2,10.8,15.0,2,3,0,1,0,85.2
10,1,6.0,4.14,3,1,15,0,1,50.9
13,1,29.5,8.95,2,2,0,0,0,79.8
15,2,9.6,2.9,3,2,12,0,1,74.5
10,1,24.1,8.06,3,1,2,1,0,64.7
14,2,13.0,9.54,4,2,11,1,0,55.8
5,3,22.2,7.38,5,1,22,0,1,66.0
19,1,6.1,10.86,2,2,8,0,0,69.7
14,2,26.7,8.4,3,3,3,0,1,94.4
8,1,4.8,5.91,3,1,1,1,0,51.7
15,2,11.8,5.73,2,3,21,0,0,86.3
9,1,3.6,11.24,4,1,21,0,0,46.9
7,2,9.7,5.39,4,1,8,0,0,48.0
11,1,5.7,11.66,3,3,19,0,0,54.6
11,1,4.7,12.89,3,2,23,1,1,64.8
9,2,51.2,1.33,1,2,12,0,1,98.0
9,1,2.6,12.53,3,1,13,0,1,44.7
13,2,23.2,15.0,4,3,2,0,0,82.9
10,1,62.2,9.01,3,2,17,0,1,76.4
13,2,0.3,10.4,2,1,8,0,1,56.8
14,1,18.0,12.15,3,2,14,0,0,58.7
9,2,4.4,6.9,3,3,21,0,0,69.8
14,1,0.6,8.73,3,2,23,0,0,72.2
10,1,7.7,2.74,3,1,9,1,0,63.7
13,1,41.1,8.55,3,2,16,1,1,74.6
19,2,0.2,9.99,4,1,12,1,0,57.4
9,1,13.3,10.06,4,2,0,1,1,64.6
14,3,10.4,12.26,1,3,10,0,0,79.5
11,3,31.0,4.9,5,2,4,0,0,79.9
13,1,1.3,5.87,3,2,8,1,0,43.8
11,2,17.2,15.0,4,4,6,0,1,72.0
8,1,17.1,7.4,4,2,6,0,0,38.9
24,1,16.6,8.8,3,2,1,0,1,94.2
18,2,42.8,7.73,4,2,18,0,0,81.0
9,2,26.0,4.71,2,2,19,0,1,72.7
14,2,0.6,14.49,2,2,17,0,1,67.3
13,1,9.6,5.89,3,2,9,0,1,59.4
13,1,7.6,3.49,4,4,4,1,0,73.0
14,1,5.6,6.2,4,3,15,0,0,58.8
15,2,9.0,0.2,3,3,22,1,0,98.0
9,2,7.3,5.39,3,2,4,0,1,72.6
9,2,8.5,4.13,3,2,14,0,0,60.6
5,1,58.1,10.47,5,1,21,0,0,64.1
15,1,1.4,5.31,3,2,15,0,0,55.8
14,1,38.3,11.55,4,3,3,0,0,75.9
18,1,9.8,13.59,3,2,13,0,1,64.1
8,1,14.7,11.12,3,3,23,1,1,70.0
12,2,26.6,7.14,3,1,16,1,0,65.3
11,3,6.7,8.56,5,2,16,0,1,65.7
13,2,8.4,1.9,3,2,20,0,1,93.9
9,1,7.9,7.46,5,2,15,0,0,33.1
17,1,7.0,4.56,1,3,8,0,1,77.6
15,3,39.0,10.78,3,4,1,0,1,98.0
13,1,26.5,15.0,4,1,10,1,0,57.6
14,3,1.7,10.0,4,1,14,0,1,64.4
11,1,1.7,0.2,5,1,2,1,0,75.6
19,1,8.4,6.56,1,3,23,0,0,88.5
16,3,1.6,8.49,1,2,15,1,1,89.3
11,1,14.5,8.35,3,3,20,0,1,70.0
10,2,2.3,5.08,1,2,18,1,1,68.3
5,2,11.1,8.98,5,2,21,1,0,56.6
18,1,0.1,3.03,2,3,5,0,1,80.2
15,1,5.7,4.22,3,2,13,0,0,61.1
14,2,17.0,10.58,1,2,4,1,0,87.9
8,2,9.9,3.94,3,1,4,1,0,69.2
6,1,57.4,10.15,3,2,5,0,0,60.5
7,3,31.1,2.52,1,2,17,0,0,93.3
10,1,6.7,15.0,3,2,21,0,1,61.1
12,1,0.7,4.9,3,4,17,0,1,57.3
10,1,28.0,7.11,5,4,18,0,1,64.7
10,1,36.3,9.32,2,3,1,0,1,78.7
20,1,25.8,5.74,3,2,16,0,0,70.9
10,3,2.1,8.57,5,3,0,1,1,74.9
7,1,92.6,10.3,4,2,8,1,1,75.8
12,1,4.5,11.84,5,1,12,0,0,34.4
16,1,19.3,11.17,5,2,3,1,1,69.1
11,2,35.8,7.31,3,1,4,0,0,84.2
8,3,4.0,7.41,3,2,22,0,0,76.4
8,1,35.8,15.0,2,2,17,1,0,59.2
9,1,5.6,11.8,3,4,9,0,1,50.9
8,1,56.2,4.31,4,2,3,0,1,84.2
14,1,5.0,8.4,3,4,12,0,0,61.6
12,1,46.0,6.66,4,1,12,0,0,57.0
6,1,0.8,7.46,4,1,16,1,1,26.3
9,1,18.5,3.08,2,2,7,1,1,68.2
7,2,11.4,6.35,4,3,3,1,0,67.9
12,1,9.7,15.0,3,1,22,1,0,64.7
9,3,3.8,10.32,2,1,2,1,1,79.8
11,3,18.3,0.2,4,2,10,1,0,87.9
13,2,3.2,12.87,3,2,11,0,0,61.4
11,1,12.1,12.36,4,3,8,1,0,46.3
12,1,4.4,6.56,3,2,14,0,1,49.3
14,1,46.7,10.87,3,1,12,1,1,72.4
12,2,0.4,4.56,4,3,4,0,0,76.9
12,1,3.3,6.12,3,2,4,1,0,68.1
13,3,4.2,13.99,3,3,18,1,0,67.2
10,3,8.0,6.91,2,3,10,1,0,71.1
14,1,4.0,0.52,4,4,8,1,0,86.9
11,2,10.1,7.75,1,2,2,0,0,79.0
9,1,30.9,7.69,4,2,17,0,0,56.8
11,1,18.7,12.79,3,2,12,0,0,57.1
15,1,13.0,8.06,3,3,11,0,1,71.5
12,1,1.4,6.31,5,2,8,0,1,42.2
13,3,17.8,12.18,2,2,9,0,0,76.9
9,1,2.7,8.48,3,3,12,0,0,43.7
14,1,23.2,5.0,4,1,19,1,0,55.4
16,2,4.3,12.62,4,3,19,1,1,63.5
10,2,8.1,8.77,3,3,12,0,0,59.1
11,1,6.5,8.01,3,2,21,0,0,67.9
12,3,29.4,8.71,4,2,8,0,1,79.9
11,2,2.0,3.72,4,2,23,0,1,79.1
17,1,12.5,5.89,4,4,9,0,0,59.5
11,1,2.3,8.01,3,1,18,0,0,38.9
22,1,18.3,7.22,5,2,5,0,1,73.5
14,2,35.3,13.09,3,3,6,0,1,84.5
11,2,8.6,8.87,1,4,14,0,0,71.0
13,2,10.0,11.42,3,3,21,0,1,87.1
9,1,39.3,8.04,2,2,18,1,0,62.0
11,1,11.0,12.23,2,1,13,1,1,64.6
11,1,10.0,9.59,2,2,15,0,0,56.4
14,1,13.0,8.05,1,1,13,0,1,63.3
14,2,17.5,7.95,3,3,19,0,1,79.2
9,2,1.7,4.18,1,3,1,0,0,87.7
12,1,25.8,10.03,2,3,8,0,1,72.2
15,1,8.6,7.84,1,3,2,0,0,80.7
12,1,1.1,5.99,1,2,5,0,0,56.8
15,1,23.1,12.43,2,1,4,0,0,75.3
15,1,7.1,3.0,3,2,13,1,1,69.8
8,1,1.6,6.31,5,1,14,0,0,22.8
13,1,15.1,12.11,4,3,17,0,1,63.2
8,1,31.8,9.26,4,1,16,0,1,46.7
13,1,32.8,7.81,2,3,8,0,0,74.3
17,1,47.4,9.0,2,3,18,1,0,84.9
13,2,30.3,8.72,1,2,22,0,1,98.0
12,1,0.0,1.93,4,1,8,0,1,57.3
9,3,7.2,6.6,1,2,15,0,0,71.6
10,1,25.6,14.47,3,2,5,0,0,56.5
9,1,6.8,5.36,2,3,7,0,0,52.1
17,1,13.8,6.73,2,1,2,0,0,70.8
8,1,14.0,5.83,5,3,21,1,0,56.4
14,2,6.8,7.65,4,3,4,0,0,77.1
15,1,35.2,5.67,4,1,6,0,0,54.8
14,3,10.5,9.95,3,3,22,0,0,87.0
19,3,9.4,8.79,4,3,0,1,1,98.0
10,2,90.0,11.09,3,3,21,1,1,98.0
8,2,10.2,3.8,5,1,20,1,0,62.5
9,2,2.9,6.64,2,1,3,1,1,69.3
9,1,10.8,7.1,3,1,15,1,0,43.6
15,2,25.2,9.82,3,2,13,0,1,73.6
11,1,22.5,4.83,3,3,0,1,1,86.4
9,1,23.3,11.66,4,3,3,1,1,65.7
10,1,18.5,12.75,5,4,9,0,0,49.1
17,2,4.4,4.04,3,1,10,0,0,71.6
9,3,29.7,6.04,3,1,6,1,0,64.0
5,1,33.6,5.87,3,3,3,1,0,67.9
9,2,3.2,15.0,4,2,0,1,0,63.4
11,1,2.1,6.28,3,2,0,1,0,55.0
15,1,55.7,14.71,1,2,16,1,1,89.2
10,1,30.4,2.93,3,1,9,0,0,64.2
9,1,33.6,4.04,1,2,4,0,0,86.2
15,1,32.6,5.25,4,2,6,0,0,59.8
15,2,11.7,4.62,3,2,7,0,0,74.6
16,2,15.6,6.93,3,3,1,0,1,94.5
13,1,11.8,5.16,4,1,8,0,0,48.4
16,1,0.8,4.72,1,4,3,0,0,89.6
15,2,20.5,12.63,2,2,11,1,0,69.3
14,2,10.6,12.9,3,4,10,0,1,76.5
9,1,15.6,11.8,2,1,4,1,0,63.2
10,1,10.5,10.1,3,2,11,1,1,52.3
15,3,10.2,8.37,5,2,20,0,0,79.8
13,2,2.8,6.01,4,3,3,0,1,69.8
11,1,4.9,4.19,4,2,12,1,0,47.5
14,1,2.6,9.45,5,2,21,1,0,55.8
19,2,3.3,3.31,3,4,0,0,0,92.7
12,1,54.2,4.02,2,2,17,0,0,82.3
14,3,2.5,12.61,2,1,3,0,0,79.2
9,1,4.7,15.0,4,2,3,0,0,52.0
13,2,13.4,9.57,3,2,7,0,0,62.5
8,1,14.1,12.43,2,2,19,0,0,44.3
11,1,2.5,7.02,3,2,5,0,1,45.4
16,3,23.7,2.65,3,4,3,1,1,98.0
13,1,23.1,10.45,3,3,3,0,0,75.2
21,2,4.1,10.28,4,1,10,1,0,63.8
12,1,5.1,8.29,3,1,8,1,0,45.7
8,1,41.7,7.03,5,4,13,1,0,51.5
13,1,26.2,11.85,3,3,3,0,1,82.3
10,2,17.9,4.06,4,4,12,0,1,72.9
6,1,1.3,4.9,5,2,5,1,0,34.5
14,1,8.1,3.97,5,3,12,1,0,51.3
10,1,12.3,8.34,1,3,2,0,1,83.8
17,2,3.1,3.65,2,2,22,0,0,91.3
16,2,8.9,5.26,3,2,6,1,0,62.8
10,1,13.8,5.18,3,2,0,0,1,66.5
6,1,5.9,6.96,3,2,10,0,0,42.0
6,3,22.8,2.05,5,3,1,1,0,90.0
9,1,27.5,8.35,2,3,4,0,1,79.8
9,3,5.9,12.99,3,3,23,0,0,80.5
8,3,27.4,8.54,2,3,21,1,1,93.1
9,2,1.6,14.17,4,2,13,0,0,45.8
10,1,27.3,13.34,5,2,12,0,1,50.3
9,2,2.5,11.11,3,3,15,0,1,63.6
9,2,1.3,8.3,2,2,22,0,0,70.9
14,2,15.4,8.09,4,1,14,1,1,60.3
9,1,9.6,11.06,3,2,2,0,1,63.0
8,1,35.8,6.43,3,1,5,0,0,51.9
16,1,6.8,0.47,4,3,8,0,1,83.9
6,2,5.1,9.97,5,2,2,0,1,56.1
10,2,10.4,3.48,3,2,12,0,0,63.1
15,1,9.1,4.15,3,4,12,0,0,73.7
13,1,6.3,8.0,2,3,21,0,0,72.7
8,1,17.7,7.62,3,3,6,0,0,52.9
9,2,21.4,2.35,3,2,4,0,0,95.5
6,3,28.8,8.66,3,3,7,1,0,67.3
10,1,54.1,11.86,1,3,7,0,0,81.5
5,1,4.7,3.49,2,2,21,0,0,63.5
11,1,18.9,13.09,2,4,6,0,0,66.3
13,2,7.5,1.76,3,1,18,1,0,73.1
10,2,17.0,15.0,3,4,6,0,0,64.6
17,3,9.7,6.35,3,2,22,1,1,97.7
8,1,76.2,8.58,3,2,3,0,0,81.8
15,3,19.6,0.43,3,1,9,1,0,98.0
12,1,45.7,7.75,4,2,12,0,0,69.2
10,2,27.0,8.91,3,2,3,1,0,77.0
11,1,35.0,7.66,5,4,18,1,0,63.7
11,3,25.3,5.75,3,4,9,0,1,85.6
7,2,9.2,4.21,3,4,6,0,0,62.7
20,2,4.4,12.52,1,2,4,0,1,97.6
13,2,6.9,8.12,3,4,2,0,0,85.4
12,1,0.3,14.16,4,2,21,1,0,54.7
9,1,11.1,5.89,5,3,21,0,1,63.5
11,3,10.5,6.26,5,1,21,0,1,72.9
8,1,11.2,11.26,2,2,1,0,1,68.4
8,1,54.8,1.51,3,4,10,0,1,89.8
9,1,36.4,3.15,3,4,9,1,0,75.5
16,2,2.6,12.39,3,3,22,1,1,83.0
13,1,6.9,3.31,2,3,12,0,0,69.2
11,1,8.3,0.72,4,1,6,1,1,73.7
11,1,6.7,15.0,5,3,9,1,0,38.5
13,1,24.0,2.42,3,2,3,0,0,86.1
15,3,11.1,8.74,2,1,21,1,1,91.8
14,3,12.7,8.28,2,1,19,0,0,70.3
9,2,28.8,0.2,3,1,15,0,0,80.4
9,1,24.6,6.93,3,3,19,0,0,61.9
15,3,2.1,9.79,5,1,5,1,1,68.5
15,2,18.8,9.42,3,2,8,0,1,70.8
11,1,8.6,11.61,3,2,12,0,1,55.6
6,3,5.2,6.45,3,2,6,0,1,57.4
18,2,0.8,10.85,1,3,17,0,0,77.4
10,2,10.0,5.24,5,3,13,1,0,44.3
12,2,6.6,2.36,3,2,21,0,0,93.2
15,1,4.3,2.81,5,2,4,0,0,74.3
12,1,17.8,2.15,3,2,21,0,0,81.1
15,2,22.0,12.04,4,3,12,0,0,71.4
16,1,4.2,1.94,1,2,23,0,0,93.1
10,1,0.8,9.1,3,2,7,0,1,52.2
12,2,28.3,6.94,4,3,14,0,0,66.7
4,2,0.2,7.59,4,2,18,0,1,41.1
12,1,41.5,13.45,4,3,8,0,1,68.0
16,2,14.8,6.25,2,2,5,0,1,81.1
9,2,5.8,10.45,5,3,22,1,1,74.6
14,2,4.2,8.15,5,1,13,0,0,47.1
13,1,0.1,7.39,1,2,22,1,1,75.9
8,1,4.0,15.0,5,2,9,0,1,37.6
15,1,2.2,2.23,2,3,8,0,0,76.7
15,1,14.2,13.16,3,4,16,0,1,70.8
15,1,2.7,10.63,3,2,12,0,0,52.4
14,1,11.3,6.08,5,3,16,0,0,51.1
18,1,13.4,14.52,2,3,18,1,0,66.3
5,3,5.3,0.61,3,4,12,0,1,86.9
16,1,0.5,5.91,3,3,8,0,1,56.5
15,2,0.6,3.17,3,1,0,0,1,83.7
10,2,0.4,9.65,3,3,0,1,1,71.9
18,1,20.2,3.55,2,2,4,1,0,94.9
13,3,5.7,9.73,4,1,7,0,0,57.4
10,2,23.9,7.25,5,2,17,0,1,57.5
19,1,8.5,6.08,4,4,3,0,0,73.5
15,2,9.0,9.55,4,4,21,1,0,86.2
10,1,10.8,6.93,3,3,0,1,0,62.6
14,2,18.7,3.65,3,4,14,1,0,80.7
10,1,4.8,15.0,3,3,19,0,1,57.4
11,2,1.9,6.05,1,1,3,0,0,76.4
10,1,12.2,0.2,5,2,8,1,1,65.1
19,2,5.9,4.63,2,1,21,1,1,94.1
11,1,8.8,2.93,5,1,23,1,0,56.6
5,2,15.6,11.3,1,1,19,0,0,55.8
8,2,10.2,9.29,4,2,9,0,0,45.8
11,1,14.5,9.59,2,3,23,0,1,75.8
9,2,11.8,6.52,1,3,14,1,0,68.6
14,1,20.2,6.88,4,2,2,0,0,66.8
15,3,18.4,6.52,2,4,1,0,1,98.0
17,1,11.5,7.68,4,2,21,0,0,68.6
15,2,17.0,11.34,3,3,4,0,1,87.5
14,2,31.0,9.34,2,2,23,0,1,93.5
11,1,8.5,10.0,5,2,0,0,0,54.1
10,1,8.0,10.0,3,4,10,0,1,60.5
9,1,21.7,11.54,4,2,11,1,0,48.0
8,2,13.1,9.15,3,2,2,1,1,76.5
11,1,1.1,9.44,3,2,22,0,1,58.9
7,2,33.4,12.76,3,3,15,1,0,69.0
12,2,0.5,5.34,2,4,13,0,0,65.1
12,1,20.7,4.58,3,1,11,1,1,60.9
13,2,21.3,3.26,3,3,19,1,0,85.7
8,1,45.9,8.73,3,1,15,0,1,58.8
12,1,0.8,0.59,3,2,20,0,0,80.6
10,2,13.6,9.85,3,1,7,0,0,50.5
16,1,8.4,7.56,1,3,16,1,1,74.9
11,1,6.0,12.54,3,1,16,0,0,48.4
15,3,1.4,5.31,3,2,6,0,1,71.2
13,1,12.4,7.19,1,2,14,0,0,61.8
9,3,9.8,12.49,2,1,8,1,0,67.0
13,3,1.7,13.53,1,3,3,1,1,98.0
12,1,14.2,5.28,5,1,7,0,0,38.8
8,1,20.1,8.73,4,1,9,1,1,44.7
10,2,21.9,9.18,1,2,14,1,1,79.0
11,1,35.4,9.49,1,2,22,1,1,94.8
4,1,7.9,6.95,4,3,17,0,1,46.7
14,2,45.9,13.13,3,1,13,0,0,80.7
9,1,30.1,0.44,4,1,4,0,1,86.2
9,3,5.3,6.32,5,2,8,0,0,58.4
10,1,2.6,9.79,3,2,12,0,0,42.1
16,1,8.6,9.83,2,3,18,0,0,60.9
10,1,7.7,13.41,4,3,10,0,0,46.9
15,3,12.9,12.79,5,2,11,0,1,76.5
9,2,13.1,6.86,3,2,2,0,0,72.4
12,2,20.8,13.2,3,3,1,0,0,82.7
16,1,10.7,5.14,3,3,22,1,0,78.1
11,1,1.7,11.72,3,2,21,1,0,61.9
16,1,29.3,15.0,4,3,14,0,1,72.5
12,1,5.6,12.86,5,3,4,1,0,57.6
18,2,53.3,8.42,3,2,6,0,0,87.8
12,2,1.9,6.67,4,2,3,1,0,66.3
12,1,47.6,1.89,2,3,4,0,0,98.0
8,3,1.4,9.24,2,1,15,0,0,58.1
14,1,3.9,3.54,3,3,14,0,0,67.4
11,3,0.7,4.83,2,3,15,0,0,71.1
14,1,18.3,3.24,3,3,3,0,0,85.0
10,1,28.5,6.16,2,2,5,0,0,61.5
11,1,8.5,7.89,4,1,17,0,1,54.8
16,1,39.6,9.09,4,1,2,1,0,73.8
11,2,13.4,5.6,3,3,21,0,1,86.6
7,1,14.9,12.28,2,3,23,0,1,71.3
11,1,28.0,7.17,3,3,4,0,0,75.7
14,2,5.3,4.85,5,1,1,1,1,63.7
11,2,6.6,8.91,3,4,22,0,1,90.3
8,2,35.5,15.0,1,4,15,0,1,87.1
4,1,34.7,9.34,1,2,5,0,0,59.6
13,2,56.3,6.55,3,2,14,0,0,77.5
12,2,34.8,1.89,2,3,17,0,0,93.1
20,1,2.0,7.12,4,3,5,0,0,63.4
18,1,26.0,8.94,4,4,12,0,1,77.6
13,1,7.9,6.45,2,1,23,0,1,73.5
15,1,70.3,1.34,3,2,12,0,0,98.0
14,1,9.6,4.6,2,3,0,0,1,86.3
14,1,12.1,13.82,5,3,15,0,1,54.6
8,2,11.3,13.74,3,3,3,1,0,69.2
12,2,5.8,4.45,3,4,16,0,0,66.3
11,3,1.2,10.69,3,2,17,1,0,61.3
18,2,33.9,3.29,3,3,15,0,1,97.9
16,1,24.3,13.62,3,2,0,0,1,84.7
12,3,2.3,8.98,3,2,5,1,0,67.0
13,3,22.5,11.8,3,2,10,0,0,77.5
21,1,14.7,1.14,3,3,5,0,1,98.0
14,2,7.9,10.71,2,4,16,0,1,81.0
19,3,4.4,7.97,2,2,3,0,0,98.0
15,2,29.5,11.41,3,1,13,1,0,67.7
13,3,18.1,11.66,3,3,13,0,1,82.9
14,1,11.9,8.26,3,2,19,0,0,49.8
19,1,14.1,5.6,5,4,7,1,0,63.7
13,1,1.4,11.12,1,2,21,1,1,74.4
10,2,9.6,7.76,2,1,1,1,0,68.3
11,2,3.2,4.51,2,2,4,0,1,77.1
8,3,3.5,4.32,3,1,3,1,0,67.1
6,1,16.2,2.09,3,2,9,1,0,58.6
7,1,36.3,5.96,4,1,19,1,0,48.4
14,2,7.8,12.41,2,1,23,1,0,74.5
8,2,3.5,8.71,3,1,20,1,0,52.9
23,1,15.7,5.88,4,4,2,0,1,96.9
9,1,30.7,11.22,5,2,15,0,0,48.2
18,2,20.7,4.67,5,2,9,1,1,75.7
4,2,30.5,8.38,4,3,14,0,0,50.8
13,1,11.5,7.28,5,3,3,0,0,61.0
10,1,20.9,11.12,2,2,0,0,0,67.5
13,3,2.3,1.69,2,3,21,1,1,98.0
9,2,6.4,4.6,1,3,14,0,0,65.3
11,1,7.4,1.45,4,3,9,0,0,64.1
9,1,10.7,6.96,5,2,19,0,1,41.7
6,2,39.7,12.85,2,3,21,0,0,85.6
10,1,31.1,5.98,3,2,17,0,0,54.5
6,1,2.2,5.96,4,2,15,0,0,32.3
15,2,2.8,11.49,5,3,20,1,1,73.1
12,1,6.6,12.27,3,2,8,1,0,43.9
10,2,5.2,7.65,5,4,23,1,1,74.2
12,1,14.3,10.74,3,1,18,0,1,52.2
13,2,35.0,3.69,3,2,16,0,1,78.6
15,1,49.2,13.51,3,4,9,0,0,84.6
8,1,15.9,15.0,3,1,18,0,1,47.2
10,1,27.3,10.08,1,4,7,0,0,74.4
14,3,11.2,0.2,4,4,18,1,0,98.0
14,3,3.5,5.77,4,3,4,0,0,78.9
13,1,11.2,10.45,4,2,1,0,1,71.7
10,2,12.1,6.31,3,2,14,1,0,51.1
11,2,20.3,13.09,3,3,16,0,0,65.6
11,3,3.7,10.35,3,3,9,1,1,71.4
15,1,6.9,5.17,1,2,20,1,0,75.9
14,2,6.8,8.13,3,4,20,0,0,88.5
14,1,48.1,4.42,2,3,21,0,1,98.0
16,1,8.8,7.27,1,4,1,1,1,89.3
12,3,21.1,5.78,4,1,8,0,0,60.7
11,2,20.8,12.7,1,1,1,0,0,89.7
10,1,4.6,15.0,5,2,17,1,1,39.9
16,1,12.7,2.28,3,2,11,0,0,70.9
16,2,33.7,0.31,5,3,14,0,0,98.0
15,2,9.7,7.02,1,1,20,0,1,83.1
16,1,43.5,1.93,3,4,19,1,0,98.0
10,3,3.6,8.18,3,2,5,0,0,59.3
15,1,1.2,11.0,4,2,17,0,0,50.3
16,1,33.3,13.98,3,2,12,0,0,67.6
10,3,28.2,8.81,2,2,3,0,1,91.2
13,1,73.6,7.23,4,1,11,1,0,74.1
14,1,17.1,0.2,3,1,8,1,0,81.7
11,2,41.4,8.1,1,3,1,0,1,96.2
15,2,26.3,8.29,3,1,15,0,0,64.8
14,1,27.9,10.56,3,1,0,0,1,82.6
13,3,12.6,5.17,2,3,3,0,0,95.5
9,2,7.2,6.26,3,1,14,0,1,56.1
7,1,40.9,2.09,1,2,19,0,0,83.3
16,2,8.5,0.2,3,1,0,0,0,98.0
15,1,11.6,3.57,4,2,19,0,0,60.9
10,1,8.9,1.72,3,3,14,1,1,76.8
9,2,12.5,9.35,3,1,2,1,1,69.5
13,3,9.5,5.93,1,3,12,0,1,88.1
12,1,0.7,5.85,2,4,17,0,0,62.8
10,1,32.1,4.06,2,1,12,1,0,60.4
21,1,8.8,0.2,3,4,9,1,1,98.0
17,1,13.3,14.03,3,2,19,0,1,68.1
13,1,2.2,4.0,5,1,23,1,1,56.9
5,1,0.1,6.35,1,1,6,1,0,38.8
13,2,4.2,2.18,3,2,7,0,0,68.5
18,1,18.3,11.89,3,2,0,0,0,80.4
8,1,1.6,8.57,3,2,17,0,0,39.3
10,2,35.9,4.69,4,3,11,0,1,71.2
15,2,3.6,6.43,2,3,17,0,1,69.9
10,1,3.4,14.71,1,2,23,1,0,65.3
9,1,3.0,7.71,3,3,11,1,0,46.4
14,2,0.2,7.27,3,4,19,0,0,66.0
13,1,22.2,4.23,1,1,8,0,1,67.7
14,1,31.2,0.42,2,2,1,0,1,98.0
14,2,14.3,7.36,3,2,13,0,0,62.2
10,1,3.1,9.3,3,2,3,0,1,67.1
18,1,5.0,12.4,2,2,14,1,0,68.4
7,1,9.7,0.2,3,2,16,0,0,65.6
14,1,46.3,3.5,3,3,18,0,1,93.6
7,1,4.3,5.68,3,2,5,0,1,44.5
14,3,19.7,7.99,5,2,8,0,1,68.0
9,1,8.7,7.42,1,1,16,0,0,54.8
12,1,5.3,7.51,5,2,14,0,0,46.1
20,1,9.1,9.63,3,2,4,0,0,83.1
12,3,1.1,4.39,4,2,17,0,0,60.5
12,2,24.0,11.74,3,4,22,0,0,84.1
13,1,4.2,9.73,3,2,3,0,0,63.6
9,3,19.4,6.72,4,1,20,0,0,81.6
10,1,1.1,14.4,4,2,23,1,0,49.4
11,1,46.5,14.23,2,3,1,0,1,96.6
13,1,3.2,11.73,2,3,18,0,1,63.5
10,1,32.2,0.2,3,2,4,0,1,98.0
11,1,24.9,14.32,5,1,3,0,0,53.1
14,2,51.6,11.18,3,2,4,1,0,95.5
7,1,9.7,15.0,3,2,18,0,0,39.3
7,2,19.5,12.95,4,4,12,1,0,55.9
14,1,6.9,14.31,4,2,15,0,0,51.9
12,1,3.1,11.51,3,3,11,0,0,48.6
13,1,8.8,13.39,3,2,8,1,1,58.9
11,3,2.7,15.0,5,2,23,0,1,73.7
16,1,60.3,8.87,3,3,15,0,0,82.1
7,2,1.5,1.71,4,2,13,1,1,61.6
13,1,13.3,6.77,3,4,21,1,0,78.1
6,1,14.8,9.56,3,2,0,0,1,61.9
7,1,11.6,8.3,2,1,19,0,1,48.9
12,1,16.3,3.01,2,3,22,0,1,91.0
13,1,1.9,1.48,4,1,20,0,0,71.8
14,1,12.1,5.04,3,2,3,0,0,70.1
10,2,5.1,11.23,3,2,8,1,0,59.3
13,1,42.2,14.32,2,3,23,0,0,92.3
10,2,21.5,11.67,3,2,18,1,1,66.2
12,1,53.9,12.23,3,1,13,0,1,68.6
14,2,0.6,7.68,3,2,21,0,1,77.0
14,2,5.0,1.03,2,2,11,1,0,82.6
14,1,3.3,6.18,4,4,3,0,1,71.9
15,1,0.2,6.96,4,2,6,0,0,41.5
11,2,4.2,6.01,2,3,16,0,0,64.1
9,3,17.0,8.22,3,1,0,1,1,88.6
11,1,3.9,9.77,3,3,13,0,0,51.8
10,1,10.7,11.41,3,3,14,0,0,54.8
8,3,32.8,6.89,4,4,11,0,0,78.5
10,1,17.8,0.38,3,1,11,0,1,74.6
11,2,7.5,6.07,3,2,5,1,1,61.4
14,1,7.0,8.17,3,3,12,0,0,53.0
14,1,9.1,12.89,2,1,15,0,1,61.0
8,2,2.9,5.73,2,2,13,0,1,59.4
13,2,15.1,10.05,3,4,6,1,1,74.2
11,1,6.8,9.16,1,2,15,1,0,61.4
7,1,28.7,8.18,5,4,22,1,1,66.3
8,2,21.2,11.72,4,1,8,0,1,64.4
9,2,14.1,5.36,4,3,13,0,0,57.5
12,1,6.8,5.7,5,2,23,0,0,55.1
17,2,3.5,7.95,3,2,6,1,0,73.0
10,2,22.5,5.44,4,4,11,1,0,57.6
12,2,10.0,10.03,2,1,2,1,0,73.6
11,2,3.8,5.15,1,3,13,0,0,67.0
8,1,3.3,8.91,4,3,18,0,0,40.2
11,2,2.7,7.6,1,2,10,0,0,64.8
15,2,22.5,8.86,5,4,4,1,0,83.4
16,1,3.9,6.16,3,2,22,0,1,80.0
12,1,11.2,6.64,4,3,12,1,1,58.2
22,1,9.0,8.38,2,2,9,0,0,75.3
14,2,13.0,8.81,3,3,6,0,0,70.7
11,1,31.5,7.98,1,2,16,0,0,63.9
14,2,30.3,14.82,4,1,15,0,0,65.1
10,3,9.0,4.04,2,2,7,0,0,74.7
11,2,0.2,7.74,3,1,16,0,1,51.0
11,3,8.3,1.71,2,2,12,0,0,90.1
11,3,14.0,9.49,1,1,10,0,1,71.5
11,1,12.2,3.54,3,1,19,1,1,67.9
13,2,15.8,6.89,2,1,17,1,0,64.9
15,1,2.5,6.51,4,2,4,0,0,60.1
16,3,15.6,9.12,2,2,5,0,0,85.0
15,1,3.0,5.79,3,2,19,0,0,56.1
12,3,20.8,5.62,3,1,13,1,0,76.6
9,2,6.2,13.74,2,3,11,0,1,72.7
13,2,18.6,9.14,3,3,3,0,1,84.1
15,1,0.7,5.76,4,2,6,1,1,52.4
9,1,7.9,7.0,2,3,10,0,0,50.6
6,2,18.3,14.58,1,2,19,1,0,64.6
8,1,3.9,7.06,3,3,1,0,0,64.6
9,2,23.8,5.24,3,2,3,0,0,70.3
12,1,14.9,5.26,3,1,6,0,0,49.6
11,2,13.3,5.8,3,3,0,1,1,80.6
8,1,6.5,5.62,4,3,14,1,0,45.3
5,2,9.9,2.88,1,1,19,0,1,69.5
13,2,13.6,3.5,3,2,21,0,1,94.1
17,1,9.6,4.68,3,3,23,0,0,78.5
21,1,18.0,10.37,3,3,7,1,1,80.0
7,1,8.5,6.48,5,3,4,0,0,52.3
8,2,3.4,7.17,3,1,13,1,0,45.0
13,2,3.6,13.08,5,2,17,0,1,56.1
19,2,0.1,13.18,3,1,2,0,0,82.7
10,2,5.4,6.87,1,2,1,0,1,89.9
8,1,20.7,5.48,2,1,21,1,1,67.0
7,1,23.7,4.54,3,3,15,1,1,67.6
9,1,3.4,10.77,3,2,13,0,1,46.5
19,1,47.9,7.18,1,3,15,0,0,97.3
11,3,10.5,6.45,3,1,10,0,0,61.3
6,3,37.3,4.75,3,1,16,0,0,63.8
14,1,18.4,4.92,2,2,2,1,0,82.2
11,2,19.2,9.28,2,2,22,0,0,80.8
11,2,1.3,2.74,4,3,22,1,1,88.7
10,1,3.7,11.98,3,2,4,1,0,61.8
13,1,0.1,5.86,4,1,2,1,1,60.9
10,1,18.9,7.4,3,1,14,1,1,54.9
9,2,6.3,2.65,3,1,22,0,0,78.6
14,3,23.2,7.95,2,3,4,1,0,98.0
6,2,6.2,6.69,3,2,21,0,0,60.2
10,1,25.7,7.8,3,3,2,0,0,74.5
9,1,2.1,13.89,3,3,5,1,0,51.9
10,2,2.9,8.71,2,1,22,0,0,67.9
11,2,6.3,4.82,2,1,13,1,1,61.3
16,2,7.9,5.15,4,3,23,1,0,77.7
14,2,6.4,10.38,3,3,1,1,1,88.1
11,1,21.6,13.19,3,2,17,0,1,59.2
11,2,1.5,9.13,3,1,5,0,0,51.8
14,2,6.5,10.75,4,1,23,0,0,66.6
7,1,27.2,10.44,3,2,4,1,1,73.5
9,2,1.0,13.68,3,1,13,0,1,52.2
14,1,42.8,0.2,5,1,16,0,0,85.9
11,1,64.4,10.67,4,2,10,0,0,74.6
13,1,1.4,11.93,2,1,0,0,0,63.7
8,1,5.2,2.65,2,1,9,0,0,59.2
12,1,7.0,4.46,4,3,8,0,0,51.3
9,1,22.5,4.6,4,2,19,0,0,50.3
15,2,13.6,5.08,3,4,11,1,1,77.4
9,1,15.5,6.07,3,2,0,0,0,64.8
13,1,21.3,8.97,3,3,23,0,0,77.5
15,1,1.9,11.46,3,1,17,0,0,51.1
12,2,26.9,12.33,3,2,11,1,1,67.9
9,1,18.3,4.65,2,1,1,0,0,59.2
13,1,12.9,4.62,5,1,0,0,1,58.6
10,3,33.1,13.26,4,4,0,0,0,94.6
12,2,18.1,10.59,3,2,0,0,0,80.1
15,3,3.4,8.33,3,4,21,0,0,97.0
8,1,8.4,9.89,2,2,11,0,1,51.8
12,1,10.2,7.88,3,2,6,1,0,52.4
12,2,0.9,10.1,3,2,3,0,1,72.5
8,1,46.4,6.66,3,3,20,0,1,88.6
16,1,2.1,9.08,3,2,19,0,1,57.7
17,1,17.9,1.96,3,4,3,0,0,98.0
16,2,10.6,5.25,4,1,14,1,1,63.2
13,1,0.4,5.29,1,3,0,0,0,81.6
9,3,38.8,6.5,3,2,5,1,0,76.8
9,3,28.6,4.29,4,1,13,1,0,67.2
13,1,11.1,5.87,3,2,13,0,1,56.3
11,2,3.9,1.94,3,2,9,1,0,78.4
6,2,1.9,10.19,3,1,6,0,0,45.1
8,2,6.8,7.67,5,1,22,0,0,54.2
9,1,4.4,1.18,1,2,23,0,0,86.6
11,2,10.6,4.66,3,2,22,0,0,72.0
18,1,50.9,9.35,1,2,21,0,0,98.0
11,3,12.8,5.83,2,1,11,0,0,68.3
14,1,33.1,5.21,3,1,23,0,0,75.8
14,1,15.8,7.7,2,4,18,0,1,78.4
17,2,9.7,9.37,5,4,8,0,0,68.9
9,2,28.9,2.25,5,2,2,0,0,82.0
12,2,9.6,10.2,3,4,3,0,0,86.9
9,1,30.4,4.8,3,3,12,0,1,62.5
15,1,5.2,7.93,3,1,9,0,0,45.0
11,3,2.1,7.86,4,1,13,0,0,51.9
19,2,29.0,5.89,3,4,5,0,0,89.8
11,2,13.3,3.91,1,2,7,0,1,81.7
14,1,33.0,6.86,4,3,18,0,0,62.4
13,1,41.7,14.5,4,3,9,1,0,80.1
12,2,0.8,2.55,3,2,21,0,0,82.8
11,2,10.4,14.77,5,1,4,0,0,60.0
15,1,7.0,6.96,5,1,4,0,0,52.2
11,3,14.7,8.14,3,1,4,0,1,78.9
18,2,23.7,3.65,3,1,8,0,0,73.5
16,1,4.9,4.91,5,2,22,0,1,71.7
20,1,12.2,5.99,2,1,8,0,0,71.7
10,1,18.5,3.82,3,1,14,0,0,53.7
12,2,2.2,7.16,2,2,8,1,0,56.8
9,1,25.2,6.37,4,2,13,0,0,47.6
10,1,14.0,15.0,4,2,5,0,1,55.3
16,2,44.8,3.34,2,2,21,1,0,98.0
8,1,6.2,8.41,5,2,19,0,1,35.5
19,1,1.7,8.99,4,4,7,1,1,67.6
10,1,10.6,3.72,4,1,1,0,0,59.1
13,2,1.3,10.75,1,1,4,0,1,84.6
7,2,52.4,6.41,3,3,16,0,0,66.4
10,1,0.6,0.2,3,2,9,1,0,68.4
19,2,21.0,10.64,3,3,13,0,1,84.2
16,2,11.2,3.53,3,1,17,1,0,69.3
14,1,6.9,3.81,4,3,0,0,0,75.9
14,1,1.0,10.75,3,4,21,0,1,73.6
17,1,14.6,6.61,4,2,1,1,1,77.8
12,1,13.2,11.67,2,1,3,0,0,69.2
11,2,4.9,12.84,2,3,12,1,1,71.6
16,2,36.2,5.42,1,3,15,0,0,94.5
8,1,5.4,11.17,3,3,4,1,1,67.3
12,1,9.0,4.98,3,1,22,0,0,63.8
12,1,11.8,15.0,4,3,9,0,1,53.8
7,2,1.6,5.23,3,1,16,1,0,48.1
14,1,40.4,12.1,3,1,10,0,1,65.7
10,2,7.0,11.38,3,2,4,0,1,75.5
14,1,1.3,9.26,1,2,14,0,0,57.9
11,2,7.3,5.32,2,3,3,0,0,73.6
14,3,13.8,7.39,3,2,6,1,1,76.9
9,1,10.8,0.2,3,1,9,0,1,71.2
19,1,17.8,8.9,4,3,22,0,0,86.1
15,3,0.9,9.4,3,4,23,0,0,98.0
7,1,5.0,8.53,4,1,3,1,1,50.4
11,2,25.7,0.2,3,2,19,0,0,84.5
10,1,1.2,2.94,5,2,4,0,0,54.8
11,2,29.0,5.01,2,2,4,0,1,93.1
12,1,1.4,9.17,3,2,10,0,0,50.2
9,3,27.0,9.16,3,2,18,1,0,68.7
14,2,6.7,7.32,5,1,4,0,0,59.1
11,2,14.2,10.54,2,4,20,0,1,95.2
15,2,2.5,3.9,3,2,7,0,0,63.3
11,2,1.0,10.44,3,2,6,1,1,57.7
9,1,3.6,9.9,3,2,7,0,1,50.0
12,3,2.1,9.51,2,2,12,0,0,62.5
11,3,5.6,7.27,1,2,4,0,1,96.2
10,1,10.8,15.0,3,2,17,1,0,56.7
9,3,13.3,9.97,3,2,23,0,1,84.1
9,2,23.4,4.13,2,2,8,0,0,69.5
15,2,16.0,8.99,3,1,1,0,1,83.4
7,1,14.1,11.01,1,2,15,0,0,54.2
11,1,8.0,5.65,5,3,13,1,0,41.3
12,1,9.6,12.36,3,1,16,0,1,48.5
11,1,8.0,9.53,4,1,5,1,0,39.2
14,2,27.7,0.2,3,1,2,0,1,98.0
9,1,3.9,9.2,5,4,16,0,0,39.0
8,1,0.1,6.38,3,3,12,0,0,39.2
11,3,15.8,10.15,3,2,5,1,1,72.9
10,1,3.4,11.78,3,4,7,0,0,48.4
14,1,33.1,8.78,4,2,5,1,1,68.5
15,1,29.4,14.66,3,4,15,0,0,61.7
16,1,1.2,7.29,2,2,5,0,0,55.3
14,2,1.7,10.5,2,1,16,1,1,70.4
9,2,10.3,11.22,3,2,20,1,0,68.0
10,2,14.1,7.61,3,2,2,0,0,73.0
9,1,4.8,11.12,1,2,22,0,1,71.4
5,2,18.9,5.62,3,2,11,0,0,49.3
13,1,13.6,6.31,3,2,5,0,0,58.8
11,1,5.9,2.75,4,2,20,0,1,71.7
12,1,0.4,8.97,1,1,6,0,1,54.4
5,1,20.8,9.3,3,4,10,0,0,54.2
10,1,3.6,12.72,4,3,8,0,0,37.9
8,1,27.0,11.16,3,4,15,1,1,64.0
7,3,8.2,6.86,2,3,4,0,0,79.5
7,1,12.9,3.29,4,3,14,0,0,50.9
18,1,30.9,9.73,3,2,20,1,1,89.1
16,1,29.9,12.44,3,1,3,0,0,79.1
17,2,7.0,11.02,5,1,4,0,0,72.6
10,1,3.5,12.34,5,2,6,0,1,42.7
11,3,22.4,7.15,3,3,2,0,1,94.2
12,3,8.5,6.13,2,1,3,1,1,89.6
14,1,3.2,5.05,3,4,14,0,0,62.8
10,1,35.2,7.78,1,2,1,0,0,83.6
15,1,3.3,7.69,1,3,23,0,1,89.7
13,2,0.4,8.83,3,1,4,1,0,59.4
12,1,0.3,7.48,5,2,6,0,1,43.3
11,1,14.6,7.47,4,4,21,0,0,70.4
10,1,16.3,4.89,3,2,16,0,1,51.2
8,2,5.6,11.77,3,2,7,0,0,51.7
19,1,5.8,8.31,1,1,8,0,0,70.5
15,1,6.2,7.3,2,1,9,0,0,55.0
15,2,17.1,5.01,1,1,10,0,1,81.0
13,2,0.9,2.67,4,2,0,0,0,82.5
13,3,39.7,13.23,2,2,14,0,1,98.0
5,1,3.8,10.22,4,2,7,0,0,35.8
10,2,120.4,1.5,3,1,18,1,0,98.0
10,2,2.8,11.05,2,3,11,0,1,65.0
13,1,22.1,11.69,2,3,5,0,0,66.0
11,2,3.8,8.5,3,1,9,0,0,42.8
8,1,1.3,14.39,5,2,23,0,0,41.7
10,3,31.2,8.87,4,1,4,0,1,89.3
13,1,29.4,2.33,3,3,23,1,1,96.3
10,2,7.8,9.46,3,3,6,0,0,60.9
9,1,18.2,8.98,3,4,6,1,0,58.7
15,3,12.2,5.59,5,1,22,1,0,80.3
10,1,28.8,10.29,4,2,21,0,1,63.9
10,3,5.7,1.33,3,1,21,1,0,92.6
13,3,11.1,11.96,3,2,8,0,1,77.1
11,1,10.0,4.49,3,2,14,0,0,49.3
8,2,6.6,4.06,3,1,5,0,1,60.4
7,3,33.3,7.54,1,3,15,0,0,78.2
18,1,2.7,9.73,3,2,6,1,1,67.9
21,1,2.4,8.66,5,3,14,1,0,51.8
15,2,12.9,5.03,3,2,22,1,0,77.6
17,1,16.1,5.98,1,4,1,0,1,98.0
12,1,3.2,3.47,4,4,7,0,1,65.5
10,1,7.4,7.1,2,4,11,0,0,52.8
15,1,43.9,12.3,2,3,10,0,1,89.4
4,1,4.2,7.98,2,3,5,0,0,45.7
12,1,16.6,11.44,3,2,19,0,0,61.2
11,3,20.2,13.82,3,1,12,0,0,69.9
21,2,8.9,5.65,3,3,22,0,0,91.2
12,1,41.6,7.25,4,3,15,0,1,66.6
18,2,20.0,15.0,3,4,7,0,0,81.9
10,2,9.2,13.78,4,2,16,1,0,59.3
16,3,12.6,1.31,2,2,12,0,0,98.0
13,1,17.7,9.55,4,3,3,0,0,70.7
11,1,13.5,8.0,3,4,19,1,1,69.2
11,3,31.6,11.31,3,1,9,1,1,73.5
11,3,6.6,5.02,3,2,21,1,0,81.2
10,2,5.3,4.64,3,2,19,0,0,58.0
8,2,3.6,5.3,1,1,15,0,1,63.4
12,1,0.6,5.71,4,1,16,1,0,41.8
10,2,0.7,11.26,1,2,7,1,0,61.1
12,1,30.6,3.28,2,3,10,0,0,73.2
20,1,17.0,5.51,3,1,4,0,0,77.2
12,2,16.2,0.84,4,2,20,0,1,98.0
12,1,14.3,12.03,1,3,15,0,0,73.0
9,1,28.4,13.08,5,4,23,0,1,68.2
7,3,9.8,6.69,5,4,7,0,0,54.0
12,1,30.7,6.81,3,2,20,1,0,69.4
14,3,6.7,9.81,3,4,15,0,1,81.0
14,3,39.2,13.9,4,1,3,1,1,98.0
10,2,18.0,9.63,3,3,5,0,1,73.7
7,1,4.5,5.21,3,2,20,0,0,46.8
16,1,12.5,1.52,5,1,7,0,1,65.1
11,1,11.4,3.54,5,2,8,1,0,43.9
16,1,2.2,8.29,5,1,12,0,0,39.3
17,1,13.4,5.38,2,3,16,0,1,74.9
8,3,5.7,8.78,2,2,8,1,1,67.6
8,1,0.8,5.79,2,2,12,0,1,51.6
12,2,44.5,3.77,3,1,8,1,1,76.1
8,1,15.4,3.29,3,1,5,1,0,49.5
13,2,31.4,14.25,3,4,9,1,0,84.3
14,3,16.9,11.56,3,3,4,0,1,98.0
18,1,6.6,14.92,4,4,6,0,0,70.2
9,1,10.8,10.16,4,2,10,1,0,43.4
14,2,16.9,6.28,4,1,23,0,0,70.0
10,2,48.4,13.29,1,2,8,0,0,83.4
13,2,4.4,7.87,1,2,9,1,1,82.2
8,1,31.2,8.88,4,1,10,0,0,43.6
15,1,38.7,7.83,3,3,2,1,0,94.3
8,3,16.6,0.2,3,2,7,1,1,84.9
13,3,40.2,14.42,1,1,16,1,0,91.0
12,1,7.6,9.96,2,2,6,0,1,62.3
10,2,45.9,9.32,3,2,11,0,0,73.9
8,1,18.2,7.75,4,3,15,0,1,54.1
11,1,0.6,8.65,5,2,14,0,0,38.4
11,1,35.6,5.61,3,2,20,0,0,77.3
13,1,9.9,10.47,3,1,12,0,0,48.2
18,2,9.3,2.77,4,4,17,0,0,84.3
12,1,12.5,8.74,3,4,17,0,1,61.0
15,1,2.4,10.25,3,3,23,1,0,74.2
12,2,9.5,7.21,5,1,4,0,1,70.4
18,2,26.7,9.48,4,2,13,0,0,80.0
12,2,0.2,4.03,5,2,10,0,1,53.7
12,3,4.8,4.14,2,4,2,1,1,96.0
13,1,0.0,8.95,3,4,16,0,0,58.2
12,2,8.1,10.71,4,3,22,0,0,68.7
6,2,19.5,0.5,2,1,11,0,1,83.6
16,2,24.0,10.09,4,4,2,0,0,83.4
8,1,43.6,5.83,2,2,22,1,0,81.8
15,1,14.1,7.23,4,3,1,1,1,77.9
13,3,4.4,2.64,3,2,3,0,1,91.9
3,1,38.7,4.59,2,2,17,1,1,60.9
16,3,22.4,11.86,3,2,19,1,0,81.7
16,2,12.8,8.13,3,1,20,1,0,80.4
11,2,17.8,6.47,3,2,13,0,1,69.6
11,2,38.7,7.53,3,3,7,0,0,66.8
13,2,18.7,9.96,4,1,1,0,0,69.7
10,1,6.9,9.76,3,1,18,0,1,47.3
11,2,18.7,7.7,3,1,9,0,0,57.2
13,2,0.6,12.37,1,2,4,1,0,79.4
10,1,7.3,11.88,5,4,10,1,1,54.5
11,1,7.8,9.65,2,1,8,1,0,43.3
15,1,2.7,8.22,3,1,15,0,0,48.7
5,3,0.4,10.63,4,4,4,0,0,68.4
18,1,2.1,9.26,2,3,14,0,0,67.0
12,2,15.9,12.24,3,1,13,0,1,60.4
10,1,24.3,11.6,2,3,8,1,0,70.4
13,1,66.6,3.93,4,3,19,0,0,87.2
7,2,6.4,3.66,3,3,4,1,0,81.9
21,1,13.7,5.2,4,2,14,0,1,72.2
13,2,41.5,11.9,4,4,8,0,1,87.2
13,2,2.7,1.69,3,1,3,0,0,85.1
13,2,19.0,9.58,4,1,20,0,0,76.9
11,1,21.1,9.45,3,2,20,0,1,75.8
13,3,1.4,12.65,3,2,3,0,0,79.9
10,2,29.6,8.72,3,4,19,0,0,79.8
14,3,25.2,2.63,5,2,20,1,0,91.3
8,1,0.5,4.16,3,1,21,1,0,51.8
12,2,1.4,3.27,3,2,6,1,1,79.7
13,3,0.8,5.85,3,2,14,1,1,73.6
10,3,6.1,7.27,3,4,21,1,1,81.0
9,1,10.7,3.34,1,2,16,0,1,72.4
9,1,11.4,13.88,3,2,17,0,1,48.2
11,1,4.7,2.7,3,3,6,0,1,65.9
11,1,36.4,13.38,3,3,18,1,0,74.6
17,1,6.9,12.74,3,2,9,0,0,65.0
12,1,0.7,11.59,3,1,12,0,1,55.4
11,3,5.4,5.22,4,3,1,1,0,76.1
14,1,11.4,9.37,5,3,21,0,0,63.8
19,2,7.9,2.89,3,3,19,1,0,87.1
10,1,4.8,11.64,1,4,10,1,0,65.7
9,1,2.1,7.7,5,3,4,0,0,50.5
15,1,25.7,6.36,4,3,5,0,0,70.1
11,1,83.4,3.11,3,4,2,1,0,98.0
13,2,6.0,0.2,2,1,0,0,1,98.0
15,3,7.2,3.85,2,2,2,1,1,98.0
17,1,14.4,12.45,2,2,2,1,1,84.6
19,1,19.0,6.39,1,2,21,0,1,97.1
10,1,7.5,7.32,5,3,3,0,0,54.3
11,3,35.3,10.62,3,3,6,0,0,85.9
11,2,12.3,15.0,3,3,14,0,0,67.1
9,2,9.0,13.3,4,4,10,0,1,61.9
10,2,15.6,4.11,4,2,17,1,0,61.3
8,2,45.8,0.23,4,3,11,0,1,98.0
11,1,23.7,15.0,5,2,3,1,0,64.6
8,1,0.6,15.0,3,2,23,0,1,61.5
14,3,6.1,8.75,5,1,10,0,0,62.0
14,2,9.5,2.92,4,3,5,0,1,84.3
12,2,5.7,11.85,1,2,18,1,0,72.5
14,2,18.1,7.57,3,3,17,0,0,71.1
12,1,26.3,7.55,3,2,14,0,0,62.1
14,2,19.7,11.58,5,1,2,1,1,73.0
11,2,68.1,9.34,3,2,16,0,0,84.3
14,1,4.8,3.26,3,2,0,0,1,82.2
16,2,31.2,6.7,1,4,1,0,1,98.0
11,3,21.8,10.64,3,1,18,1,1,74.4
9,1,6.7,10.04,1,4,8,0,0,59.3
13,1,19.9,9.05,3,4,7,0,0,61.7
10,1,1.6,11.73,4,4,11,0,0,50.5
16,2,23.4,6.55,2,2,14,1,1,81.9
8,1,11.4,8.71,3,4,22,0,1,72.8
10,2,5.2,0.2,2,2,6,0,1,87.0
12,3,16.0,6.2,2,1,20,0,0,83.6
8,1,15.4,11.06,3,1,15,0,0,43.2
19,3,3.5,6.44,1,4,6,1,1,95.5
12,3,0.5,6.14,3,1,19,0,0,60.0
7,1,8.5,3.83,1,2,20,1,1,82.7
10,1,12.6,12.01,2,1,11,1,0,45.5
3,3,31.4,10.19,3,2,16,1,0,67.0
15,3,39.5,11.3,3,1,10,0,1,95.6
12,1,11.3,1.1,1,3,3,1,0,96.0
11,1,21.0,7.36,3,2,18,0,0,55.9
15,1,8.7,6.88,4,4,1,1,1,74.4
11,3,20.6,6.88,4,3,1,0,1,85.0
12,1,3.4,5.54,2,4,23,1,1,80.7
10,2,7.0,6.62,3,2,16,0,1,61.6
12,2,15.1,11.4,3,2,23,1,0,74.4
8,1,0.3,0.35,1,2,8,1,0,68.3
10,2,19.2,15.0,4,2,21,1,0,67.4
5,1,27.1,9.94,5,3,0,1,0,58.8
6,3,7.6,7.83,4,2,9,0,0,55.4
11,1,8.9,11.63,4,3,22,0,1,70.1
9,2,28.6,2.19,4,3,14,1,0,75.3
6,2,22.4,5.34,3,1,20,0,1,66.1
10,1,5.1,7.52,3,3,14,0,0,54.4
18,1,5.9,13.46,4,1,22,0,0,71.8
6,1,17.0,7.81,3,2,20,0,0,56.1
21,1,12.4,9.8,3,3,1,0,1,91.3
11,2,2.7,5.64,3,4,13,0,0,57.9
10,2,5.6,9.95,4,1,3,0,0,61.9
12,1,34.5,14.71,1,1,17,0,1,79.9
16,2,17.5,11.98,3,1,8,0,0,70.0
13,2,64.0,7.67,5,2,1,0,0,98.0
12,2,21.9,10.7,4,3,1,0,1,82.6
13,1,42.7,10.31,5,3,17,0,0,58.5
15,1,3.7,10.03,3,3,16,1,0,63.4
11,1,22.1,12.45,1,3,8,0,1,73.9
11,2,0.3,12.42,4,2,7,1,0,46.3
12,1,16.7,7.49,2,1,1,1,0,75.7
13,1,9.5,10.57,3,1,1,0,0,61.1
16,1,6.4,6.47,3,3,4,0,0,71.3
9,2,29.8,4.31,2,3,11,0,0,77.7
9,1,28.9,6.92,3,3,15,0,0,54.1
14,1,0.3,7.69,3,2,13,0,0,54.4
13,1,14.1,1.35,3,2,19,0,0,69.4
7,1,6.9,11.44,4,4,1,0,1,64.6
17,2,8.1,0.2,2,1,23,0,1,98.0
14,1,26.8,15.0,2,3,7,1,1,77.2
6,1,5.6,14.01,3,2,3,0,0,48.3
11,2,43.0,6.96,3,1,19,1,0,68.5
20,1,3.0,8.04,5,3,8,0,0,62.6
10,1,16.3,9.21,1,2,19,0,1,64.1
10,3,16.7,5.64,4,3,18,0,0,63.5
14,1,4.4,8.77,3,3,1,1,0,69.1
15,1,5.9,7.42,3,2,15,0,0,50.7
10,1,27.0,7.62,1,3,10,0,0,61.0
12,1,21.5,8.73,3,2,7,1,0,56.2
8,2,6.0,2.75,2,2,11,0,0,67.2
11,2,11.5,8.16,2,3,2,0,0,83.9
14,2,1.0,8.65,3,2,12,1,1,66.3
13,1,3.5,8.52,4,1,1,1,0,58.1
14,1,10.0,7.14,4,4,12,0,1,63.5
13,2,1.3,12.55,3,2,7,0,0,65.5
9,3,27.8,6.59,3,3,14,1,0,72.3
12,1,19.0,8.91,3,3,23,1,0,72.5
6,1,43.1,13.19,5,2,20,0,0,66.5
10,1,17.7,7.68,3,2,8,1,0,50.1
12,1,42.3,8.86,2,2,10,0,0,70.3
10,1,12.1,7.61,2,2,21,0,0,68.9
9,1,13.8,12.95,3,3,20,0,0,70.0
14,2,56.6,6.97,3,3,2,0,0,98.0
11,2,15.4,13.13,1,1,6,0,0,62.6
15,1,0.5,7.59,4,2,13,0,0,46.8
5,1,19.3,4.56,4,4,14,0,0,50.8
9,2,35.4,10.72,3,2,8,0,1,70.1
16,1,23.8,6.78,1,3,19,0,0,76.4
14,2,13.2,10.48,3,3,10,1,0,65.9
10,1,16.7,0.2,5,2,6,1,1,75.2
15,2,69.4,8.02,4,2,11,0,1,92.3
16,1,1.4,6.16,2,3,18,1,1,68.0
11,1,16.5,3.75,2,2,17,0,1,70.9
9,1,5.0,5.79,3,2,12,0,1,44.2
8,1,15.3,5.71,3,3,10,1,1,55.9
13,1,14.0,7.81,3,3,0,0,0,78.5
12,2,2.5,2.53,5,2,5,0,1,64.8
13,1,3.5,9.27,3,1,20,0,1,66.2
12,1,14.6,13.46,1,2,1,0,1,82.4
9,2,2.1,9.12,4,2,12,0,1,55.3
10,2,4.6,11.24,1,2,12,1,0,63.8
12,3,27.0,12.38,5,2,18,0,0,75.9
9,2,5.9,12.95,3,1,8,1,1,54.7
7,1,10.0,15.0,5,2,18,1,0,32.1
15,2,42.5,6.0,2,2,22,0,1,98.0
7,3,3.9,5.13,1,2,0,0,0,79.1
16,2,7.4,11.13,3,2,22,0,1,83.0
13,1,14.0,10.83,3,2,7,0,1,56.0
12,1,21.1,11.1,3,4,22,0,0,80.3
13,1,34.8,15.0,5,1,13,1,0,50.0
11,2,37.1,8.05,4,3,23,1,0,81.3
12,2,22.5,9.7,3,4,15,0,1,76.7
14,2,3.9,4.08,2,2,3,0,1,87.8
8,1,0.4,15.0,4,3,17,0,0,42.5
8,2,7.3,6.65,4,1,13,0,0,44.9
12,2,2.3,6.77,3,2,8,1,1,61.1
7,1,18.6,6.61,5,2,14,1,1,44.4
13,2,16.2,5.42,2,1,2,0,0,78.8
7,1,0.7,5.08,2,2,3,0,0,57.6
9,3,27.2,5.91,1,2,22,0,1,96.6
9,2,4.3,2.54,4,3,17,0,0,61.6
19,2,8.5,4.86,3,4,13,0,1,86.3
7,2,16.5,15.0,3,1,14,0,0,50.6
9,3,8.4,10.94,2,2,7,0,1,75.5
9,1,8.7,11.7,1,2,9,0,0,56.4
18,1,1.0,12.71,2,2,23,0,1,80.1
14,2,7.7,15.0,3,3,11,0,0,62.2
24,1,21.7,0.91,2,2,20,0,0,98.0
14,1,37.0,3.08,2,1,8,0,0,78.6
18,3,8.0,4.79,4,3,7,0,1,87.5
12,2,8.3,6.12,3,3,16,0,0,64.9
11,1,18.2,6.8,4,2,8,1,0,55.3
18,1,42.9,6.21,1,2,12,0,0,85.5
10,1,4.7,8.88,3,1,13,0,0,41.7
10,1,8.7,8.14,3,1,4,1,0,60.2
10,1,23.8,5.11,2,1,8,0,0,57.7
14,2,14.1,0.2,2,2,15,1,1,98.0
9,1,1.8,4.03,4,4,18,0,1,50.3
7,1,14.8,5.8,5,2,23,0,1,48.6
11,1,3.1,7.01,1,1,22,0,1,69.3
6,3,10.7,3.48,3,2,6,0,0,65.8
16,1,11.3,6.04,5,2,11,0,1,48.8
11,1,31.3,3.48,1,2,1,0,0,89.9
17,1,9.3,7.5,3,2,17,1,0,62.6
12,2,4.9,3.71,5,2,17,0,0,55.1
7,2,3.9,4.6,5,2,15,0,0,42.4
11,1,31.1,2.77,3,1,10,0,0,68.5
12,1,2.8,7.39,2,1,1,1,0,57.3
15,1,8.3,4.53,2,1,13,1,1,66.4
8,2,3.1,11.63,4,2,3,1,0,56.7
8,2,22.3,9.62,5,1,6,0,0,44.6
13,1,9.6,7.72,3,2,1,0,0,64.9
13,1,6.5,4.81,4,3,20,0,0,70.0
10,1,6.7,9.52,4,3,13,0,0,41.9
13,1,28.7,10.76,3,2,6,1,0,66.6
13,2,12.1,8.57,4,3,8,1,0,70.7
15,1,19.0,14.41,3,2,7,0,1,60.6
9,1,34.1,9.84,3,3,8,0,1,64.0
7,1,34.8,11.65,2,2,6,0,0,60.4
8,3,6.0,8.53,4,2,18,0,0,51.6
16,3,45.7,10.7,3,2,16,0,1,95.9
13,1,0.4,4.81,2,1,22,0,0,65.1
16,1,7.1,6.17,4,4,12,1,0,58.5
13,1,33.9,9.4,3,1,10,0,0,60.5
20,1,4.8,9.37,5,2,21,1,1,77.0
13,1,4.8,10.03,2,2,17,0,0,55.3
14,2,5.4,12.4,3,1,16,0,1,59.0
9,2,14.2,2.3,2,1,15,0,0,74.7
18,3,8.7,4.1,5,1,9,0,0,75.1
8,1,19.5,8.92,1,2,3,0,0,72.9
12,2,33.8,5.1,3,3,3,0,1,90.4
8,2,16.8,15.0,4,2,21,0,1,67.4
9,1,3.4,10.06,3,1,10,1,0,31.0
14,1,40.5,7.69,5,2,20,0,0,71.8
15,1,4.6,5.94,4,4,7,1,0,61.8
11,1,2.4,6.08,2,1,8,0,0,44.5
10,1,1.4,8.12,1,2,15,0,0,49.8
13,2,12.4,8.45,2,4,9,0,0,79.1
18,1,1.8,6.17,2,1,22,1,1,82.2
17,3,2.2,6.91,4,2,8,0,0,67.7
14,1,5.4,13.38,5,1,2,0,0,55.9
8,3,5.0,13.54,1,4,1,0,0,87.1
6,1,13.9,9.01,3,4,8,0,0,49.4
7,2,25.5,2.63,3,3,12,1,0,67.5
15,1,21.5,10.15,1,2,5,0,1,77.4
7,1,4.6,14.22,3,2,3,0,0,53.8
8,3,4.2,13.48,3,1,13,1,1,57.4
16,1,50.6,10.94,3,3,10,0,0,80.8
14,2,0.1,13.69,3,4,1,0,0,80.5
14,2,31.8,8.21,4,2,2,0,0,80.1
13,1,3.3,10.51,2,3,4,1,1,79.3
17,1,44.1,5.28,4,1,6,1,0,66.4
8,2,6.3,9.17,3,2,10,0,0,50.8
9,1,8.7,13.32,4,2,11,1,0,36.0
7,2,18.4,5.64,3,2,10,0,1,59.4
18,3,13.3,4.55,4,2,18,0,0,78.0
13,1,5.7,8.39,4,1,12,0,0,40.1
11,1,12.1,7.09,3,3,3,0,0,70.6
19,2,19.7,10.6,3,3,13,0,0,73.7
9,1,0.6,6.19,5,4,11,1,0,39.3
13,1,0.2,14.87,4,3,1,0,0,63.6
9,1,9.2,2.84,5,2,7,1,1,60.0
13,2,2.1,13.01,4,2,21,0,0,63.1
16,1,16.4,4.94,3,4,18,0,1,75.3
14,1,3.6,0.82,2,2,12,0,1,84.7
13,2,8.5,8.95,2,3,20,0,0,83.9
9,1,3.3,6.98,5,3,20,1,0,47.9
12,1,11.9,3.56,3,3,0,0,1,81.0
21,3,1.9,1.27,1,1,4,1,1,98.0
10,2,0.4,7.97,4,1,21,1,1,62.7
11,2,0.8,11.9,4,3,10,0,1,53.7
13,1,46.3,10.34,2,3,10,0,0,79.8
16,2,2.3,8.23,2,3,12,0,1,75.0
6,1,18.5,9.92,3,2,1,0,0,56.0
7,1,1.1,7.89,1,2,18,0,0,48.2
18,1,1.7,2.28,4,3,15,0,0,72.7
16,1,10.7,2.32,3,3,4,0,1,98.0
14,2,9.4,7.19,4,2,13,1,0,58.0
8,1,45.4,7.36,4,2,18,0,1,60.5
13,2,43.5,11.4,3,4,4,0,1,98.0
10,2,22.7,11.03,3,2,20,0,1,86.3
16,2,13.8,10.42,3,3,23,1,1,88.7
15,1,9.1,6.88,3,1,8,0,0,55.1
17,2,6.6,2.48,3,2,23,0,1,98.0
13,1,44.1,9.65,4,3,11,1,1,74.6
11,1,13.9,10.1,3,1,15,1,1,51.7
6,3,13.0,0.2,4,2,18,1,1,82.4
17,1,4.0,4.66,2,2,14,0,0,63.8
9,1,0.7,5.24,2,3,16,1,0,43.9
10,3,43.6,8.47,5,2,14,0,0,71.0
11,1,5.6,4.79,3,1,2,1,1,69.1
8,2,8.8,7.85,3,4,16,0,0,59.6
11,1,1.8,7.16,3,2,12,1,1,51.0
14,1,27.2,7.36,2,1,8,1,0,59.9
14,1,0.4,5.13,4,1,12,0,1,48.0
16,1,26.9,5.44,1,4,15,1,1,85.7
9,1,2.3,3.68,3,1,18,0,0,48.3
13,2,32.6,9.52,3,2,13,0,1,81.1
11,2,19.6,10.28,5,2,7,0,1,63.4
16,3,2.7,4.92,3,3,21,1,0,85.9
11,1,12.5,14.08,2,3,18,0,0,62.0
9,2,5.6,6.74,3,2,23,0,0,69.0
12,2,2.9,14.12,1,1,2,0,1,79.5
15,3,29.4,5.43,2,3,22,1,0,98.0
14,1,7.8,0.2,1,2,20,1,0,98.0
12,2,7.6,9.61,3,4,17,0,0,71.8
12,3,2.8,8.99,1,2,15,0,0,69.9
18,1,7.2,8.14,3,3,13,0,1,67.7
20,3,30.8,5.43,5,1,15,0,1,84.7
13,1,6.8,7.86,4,3,23,0,0,69.5
7,2,45.4,5.95,1,2,16,0,1,82.6
7,3,43.9,6.79,2,2,19,1,1,81.0
11,2,2.3,11.37,3,1,10,0,0,57.1
9,1,2.9,8.74,4,1,12,0,0,33.5
11,1,29.8,10.44,1,1,10,0,1,65.5
14,3,7.5,7.07,4,2,3,0,1,82.9
12,1,0.1,6.63,3,3,13,0,1,51.5
10,1,4.8,3.39,3,2,4,0,0,59.9
8,2,13.7,6.52,5,3,3,1,1,68.1
9,1,24.1,0.2,4,1,0,0,0,76.6
15,1,2.1,5.64,4,2,13,0,1,55.1
6,1,1.8,7.67,3,2,6,1,1,45.5
11,1,38.3,10.25,3,4,9,1,1,76.8
14,2,20.9,6.93,3,3,1,1,1,91.7
9,2,13.4,9.39,3,2,9,1,0,50.8
11,2,22.0,0.2,3,3,2,1,1,98.0
21,2,8.4,7.77,2,1,20,0,0,96.9
10,3,21.3,1.28,2,2,7,1,1,98.0
8,2,7.0,3.17,3,1,9,0,0,52.0
15,1,4.2,7.25,4,2,7,0,1,54.6
10,2,19.6,13.11,5,1,13,0,0,46.8
11,1,8.2,9.48,3,3,17,0,1,56.6
11,2,59.8,8.07,3,2,8,0,0,80.8
12,2,6.4,7.92,2,3,21,0,0,88.6
17,1,38.2,5.15,5,2,8,0,1,69.7
15,3,40.5,5.82,3,1,3,1,1,98.0
10,1,4.2,9.71,4,3,2,1,0,59.9
4,2,24.0,2.46,4,3,13,0,0,59.6
12,1,8.5,10.37,2,4,13,1,0,60.9
13,3,37.4,6.45,3,2,20,0,1,98.0
21,1,9.0,11.3,5,3,15,1,1,68.0
8,1,20.5,11.84,1,3,4,0,1,88.5
12,1,9.4,1.31,3,1,19,0,0,66.7
6,1,3.9,5.67,5,1,22,0,0,34.7
12,1,3.3,4.58,3,1,23,0,1,60.2
12,2,8.3,0.75,4,2,14,0,0,79.6
14,1,21.1,3.87,5,2,20,0,0,67.2
12,1,13.9,15.0,4,4,8,0,0,52.9
13,1,17.5,10.44,2,2,6,0,1,64.5
11,2,5.0,15.0,3,3,12,0,1,68.5
7,2,9.9,11.32,1,3,22,1,0,76.7
12,2,0.7,5.03,4,1,7,0,1,49.5
11,2,25.5,6.47,4,1,11,0,0,61.0
16,1,68.9,10.35,3,2,3,0,0,98.0
6,1,7.8,9.75,3,3,15,1,0,49.7
17,1,0.2,5.69,1,4,5,0,0,77.9
14,2,2.8,1.96,4,2,4,1,0,88.9
13,3,15.9,15.0,4,3,0,0,1,88.9
15,1,14.2,7.44,5,2,13,0,0,52.2
13,1,23.3,6.7,4,3,8,0,0,63.1
13,1,4.4,8.45,4,2,17,0,0,52.9
11,1,21.6,7.03,4,1,5,0,0,47.1
14,2,17.5,8.49,3,1,14,0,0,61.3
7,1,5.8,13.15,3,1,15,0,0,33.6
12,3,11.8,7.5,5,2,7,1,1,68.9
16,1,2.4,3.35,3,3,18,0,1,70.3
12,3,9.0,7.35,3,1,4,0,1,83.5
11,2,32.0,6.14,1,2,13,0,0,74.1
12,2,8.2,13.7,2,2,6,0,1,68.2
9,2,27.4,12.68,3,3,3,0,0,82.1
12,2,13.4,8.43,2,3,20,1,0,85.1
7,2,3.2,2.89,2,3,0,1,0,83.7
20,2,13.1,3.1,3,2,3,0,0,94.6
8,2,10.6,8.06,2,2,13,1,1,62.3
10,3,7.6,9.35,4,3,22,0,0,75.8
10,2,1.9,6.5,3,1,15,0,0,45.4
12,2,8.1,6.08,3,2,6,0,0,56.6
11,3,1.1,5.63,2,1,9,0,1,65.2
9,1,1.6,7.91,3,3,9,0,1,52.6
15,1,8.1,0.2,3,3,3,0,0,98.0
14,1,5.5,3.59,4,3,11,0,1,67.8
11,2,39.0,5.49,4,2,5,1,1,73.0
10,2,7.1,12.83,2,1,12,0,0,56.2
9,1,21.3,4.74,3,4,20,1,1,79.8
10,2,11.3,8.72,2,2,0,0,0,78.0
10,2,18.3,8.91,5,2,7,0,0,43.8
7,1,4.5,13.19,5,2,22,1,1,49.9
12,2,42.7,13.05,3,1,15,0,0,71.9
18,2,11.3,7.77,3,1,4,0,0,87.8
9,1,26.7,6.1,4,2,6,0,1,50.3
9,2,6.8,5.34,4,1,2,0,0,54.8
4,2,1.6,7.04,3,1,23,0,0,44.0
15,1,16.8,6.26,5,3,20,0,0,64.2
12,1,0.1,10.21,3,2,1,1,0,60.6
8,3,9.7,9.68,3,2,1,0,0,72.7
11,1,3.2,10.37,4,3,19,0,1,48.6
12,1,14.8,13.04,3,4,22,0,0,75.8
11,1,58.3,15.0,4,1,9,0,1,70.1
13,2,9.4,8.5,2,3,19,0,0,70.2
12,2,25.5,12.4,3,2,8,0,1,72.2
15,2,10.6,6.59,2,1,17,0,1,72.7
12,1,10.3,12.74,3,2,5,1,0,45.3
13,3,40.0,12.25,3,2,19,0,1,89.3
4,1,33.1,12.03,5,3,5,1,1,47.3
8,1,23.1,8.38,3,1,9,0,0,46.3
8,1,5.3,5.33,4,2,8,0,0,35.7
9,1,11.8,2.42,3,3,8,0,1,68.2
9,3,3.8,7.84,4,2,2,1,1,76.3
5,3,8.8,14.13,3,3,11,0,0,65.1
5,1,9.9,6.76,3,3,10,1,0,37.0
12,3,26.7,11.14,2,2,13,1,0,82.6
13,2,34.0,11.38,3,4,18,1,0,84.9
8,3,8.0,6.87,3,1,9,0,1,57.1
13,1,0.3,13.27,3,1,18,1,0,44.4
15,2,29.7,0.2,5,2,4,1,0,98.0
7,1,2.9,3.11,4,2,21,0,1,70.4
14,2,14.6,4.34,5,2,8,1,0,67.7
14,1,0.4,4.72,3,2,0,1,0,61.8
9,2,7.7,9.35,5,1,14,0,0,39.6
9,1,64.0,9.16,4,1,23,0,0,76.7
14,1,1.6,9.58,2,3,3,0,0,75.9
18,2,8.3,10.38,3,3,6,0,0,74.8
9,3,5.5,4.2,2,3,5,0,0,70.4
11,2,35.3,3.13,1,3,14,0,1,93.6
12,3,30.5,9.59,2,2,5,0,1,81.9
11,1,4.1,5.48,1,1,6,0,0,45.1
8,2,1.3,1.72,4,2,19,1,0,55.4
11,1,14.8,11.89,3,3,21,0,1,79.0
15,1,6.2,13.58,3,2,2,1,0,71.8
8,2,16.7,14.23,4,1,20,0,1,68.4
7,2,0.5,8.75,4,4,12,1,1,54.5
15,2,2.1,10.5,5,3,1,1,0,70.8
12,2,17.4,13.48,3,2,2,0,0,76.5
11,2,3.6,5.43,3,2,12,0,0,49.9
13,1,29.2,12.44,3,4,8,0,0,72.3
18,1,0.9,9.1,2,1,21,1,1,80.8
12,2,3.6,11.65,2,2,18,1,1,62.7
15,1,98.1,8.74,3,2,17,0,0,84.5
8,1,8.5,13.19,5,2,4,0,0,50.0
14,1,18.2,8.89,1,3,9,0,0,73.1
12,2,3.0,2.06,2,2,13,0,0,78.7
10,1,14.1,13.81,2,1,20,1,1,74.3
11,2,19.4,4.21,4,1,16,0,1,59.3
13,2,5.7,13.01,3,1,2,1,0,69.7
16,1,26.5,7.64,3,2,6,1,0,62.7
16,2,13.9,12.7,2,3,8,1,0,74.3
10,2,7.4,12.54,3,1,4,0,0,63.8
13,2,12.2,9.72,2,2,3,0,0,86.4
9,2,12.9,10.03,3,3,2,0,0,77.9
16,1,2.7,9.69,1,2,12,1,0,64.3
16,2,7.7,0.2,4,2,8,0,1,83.2
15,1,6.3,8.47,3,3,22,0,0,74.7
9,3,7.7,3.54,4,2,6,1,0,66.3
17,2,21.5,8.68,3,2,7,0,1,76.0
8,2,9.9,3.43,3,2,9,0,1,68.6
20,1,42.3,3.26,1,4,0,0,0,98.0
10,1,5.2,14.42,3,2,19,0,0,48.7
14,1,8.1,12.28,3,2,20,0,1,74.2
15,1,23.2,7.98,3,2,20,0,0,71.8
12,1,11.8,8.74,4,1,0,1,0,56.7
11,2,11.9,7.01,4,2,18,1,0,55.2
11,1,0.8,10.28,4,2,1,0,0,56.2
12,3,7.6,5.3,2,1,11,1,0,71.6
10,1,4.7,11.97,3,2,22,0,0,63.7
14,3,109.7,6.99,1,1,12,0,1,98.0
14,3,5.5,6.32,3,2,13,1,1,77.1
14,2,32.4,8.09,3,1,4,0,1,94.4
13,2,16.9,5.64,2,1,2,0,0,75.9
12,1,6.3,9.31,4,3,23,0,0,61.3
6,2,11.8,5.85,3,4,16,0,1,57.3
20,1,27.5,9.87,3,1,0,0,0,81.7
12,1,32.2,12.86,1,2,13,1,0,71.3
12,2,2.6,5.12,3,2,5,0,0,49.4
9,1,6.2,7.48,5,2,16,1,0,37.0
8,2,6.1,9.85,3,2,3,0,0,63.5
12,1,0.6,6.26,5,2,5,0,0,38.2
9,1,13.7,9.86,2,3,0,0,1,71.3
11,1,28.9,10.22,3,1,8,0,0,54.0
13,1,7.2,12.33,4,1,3,1,1,68.5
12,1,20.2,5.58,3,3,8,0,1,63.8
19,1,14.8,4.23,1,3,8,0,0,75.5
5,1,7.1,6.77,3,2,21,0,1,60.9
9,2,2.3,4.13,3,2,12,0,1,62.5
11,1,18.5,10.26,4,2,22,0,0,63.5
10,2,28.9,3.35,4,2,16,0,0,70.7
12,1,17.4,15.0,4,2,20,0,0,64.7
14,3,0.3,13.18,3,2,2,0,1,92.6
9,1,3.7,8.05,2,2,5,1,0,50.5
13,1,1.1,11.47,3,3,19,0,0,51.8
12,2,12.7,1.45,4,3,14,1,0,83.8
13,1,21.2,15.0,5,2,13,0,0,55.8
10,2,1.8,5.64,1,2,12,0,0,65.0
6,1,27.3,7.52,3,2,8,0,0,50.0
15,3,12.2,0.58,3,2,22,0,1,98.0
12,1,17.6,9.95,2,2,14,0,1,66.9
11,1,53.3,3.57,3,3,13,0,1,86.8
9,2,1.3,8.41,3,3,3,0,0,68.7
10,1,34.7,5.82,1,3,10,1,1,79.6
4,2,2.0,3.69,4,3,21,1,0,62.5
16,1,7.5,4.78,4,4,1,1,0,78.2
8,2,28.6,8.9,5,2,15,0,1,60.9
11,1,35.5,2.87,2,4,18,0,0,79.7
15,2,10.6,5.0,3,1,15,0,0,58.2
5,2,13.5,10.65,3,1,6,0,0,41.9
11,1,18.5,15.0,3,2,10,0,0,60.4
19,1,26.8,9.91,3,4,11,0,1,87.0
9,1,1.9,4.33,4,2,3,0,0,58.0
17,3,24.9,6.53,1,1,15,1,1,98.0
15,1,9.8,8.13,5,2,15,1,0,44.3
12,1,9.0,6.6,4,2,6,0,0,39.5
7,1,8.3,11.61,4,2,12,0,0,37.1
9,1,10.7,8.87,4,3,4,1,1,68.1
14,2,43.5,11.63,3,4,0,0,1,98.0
13,3,11.9,6.74,4,3,4,0,0,80.0
11,2,45.9,13.3,3,2,21,0,0,85.3
17,2,3.0,7.33,4,2,13,0,1,62.3
13,2,19.3,4.12,2,2,10,0,0,72.9
9,1,25.1,15.0,2,2,1,1,0,67.4
19,1,17.1,0.7,3,1,23,0,0,98.0
16,2,14.0,5.05,3,3,17,0,0,71.2
12,3,12.5,5.49,3,2,14,0,0,71.9
12,3,29.6,15.0,3,3,13,1,0,78.0
12,1,25.9,15.0,4,4,12,0,1,68.1
13,1,2.0,13.98,3,1,1,0,1,64.6
13,1,28.3,6.68,3,4,18,0,1,76.0
8,3,8.0,15.0,2,3,7,0,0,70.9
20,3,4.4,9.47,3,2,21,0,0,96.7
11,2,30.6,11.91,3,2,16,0,1,75.5
13,1,8.5,8.72,4,2,14,1,1,55.1
11,2,24.8,7.8,2,2,19,1,0,70.5
21,1,4.6,6.99,2,2,20,0,0,81.5
11,1,0.1,7.16,3,1,13,0,1,49.3
9,2,10.3,10.43,3,2,2,0,1,71.4
8,1,1.6,9.47,3,2,16,1,1,44.6
12,1,21.1,7.87,4,1,2,0,1,64.1
16,3,4.8,14.04,3,2,12,1,0,70.4
12,2,8.8,0.2,3,2,17,0,0,82.4
9,1,1.4,10.04,3,2,0,1,1,60.5
15,2,5.1,10.87,2,1,6,1,0,60.9
10,1,22.8,12.59,4,3,22,1,0,67.3
18,2,2.5,7.74,3,2,4,0,1,87.1
6,2,15.6,8.83,3,1,1,0,0,59.9
12,2,37.4,11.94,4,2,16,0,1,80.9
22,2,17.1,13.96,2,2,20,0,1,98.0
12,1,25.0,6.8,4,1,9,0,0,50.3
13,1,1.7,9.07,3,2,3,0,0,61.3
8,1,4.3,14.71,3,3,8,0,0,46.3
10,1,33.7,0.2,4,3,20,0,1,98.0
13,2,18.8,5.24,4,1,10,0,0,57.4
15,1,15.3,13.86,3,3,11,0,0,68.4
11,1,16.3,12.37,4,2,11,0,1,47.2
9,1,8.0,10.09,3,4,17,0,0,52.0
8,3,0.7,6.21,3,1,3,1,0,69.7
8,1,23.0,4.47,1,2,8,0,0,58.8
14,2,17.0,5.64,1,2,7,0,0,70.5
11,1,9.6,14.19,4,1,18,0,1,44.3
13,1,34.5,5.49,1,3,23,0,0,95.1
6,1,6.1,8.41,2,2,12,0,0,40.5
18,2,5.2,4.99,4,1,1,1,1,78.1
11,2,30.9,11.37,1,2,18,0,1,83.2
15,3,23.9,5.85,2,2,13,0,0,82.7
14,1,10.9,7.61,3,1,4,0,1,69.0
12,1,2.1,1.27,3,4,9,0,1,77.4
11,3,3.6,1.55,4,3,23,1,0,92.7
11,1,16.0,8.03,3,2,16,0,1,53.4
15,2,7.3,2.7,3,2,19,1,1,79.9
7,2,27.2,15.0,4,2,15,0,0,58.0
18,1,44.9,0.2,3,3,16,1,1,98.0
12,2,24.6,4.8,3,4,0,0,1,98.0
10,1,7.1,8.07,4,2,20,0,1,61.7
12,1,23.3,6.54,3,3,21,1,0,81.4
